USPS,GEOID,SSA,NAME
AL,01001,000,Autauga County
AL,01003,010,Baldwin County
AL,01005,020,Barbour County
AL,01007,030,Bibb County
AL,01009,040,Blount County
AL,01011,050,Bullock County
AL,01013,060,Butler County
AL,01015,070,Calhoun County
AL,01017,080,Chambers County
AL,01019,090,Cherokee County
AL,01021,100,Chilton County
AL,01023,110,Choctaw County
AL,01025,120,Clarke County
AL,01027,130,Clay County
AL,01029,140,Cleburne County
AL,01031,150,Coffee County
AL,01033,160,Colbert County
AL,01035,170,Conecuh County
AL,01037,180,Coosa County
AL,01039,190,Covington County
AL,01041,200,Crenshaw County
AL,01043,210,Cullman County
AL,01045,220,Dale County
AL,01047,230,Dallas County
AL,01049,,DeKalb County
AL,01051,250,Elmore County
AL,01053,,Escambia County
AL,01055,270,Etowah County
AL,01057,280,Fayette County
AL,01059,290,Franklin County
AL,01061,300,Geneva County
AL,01063,310,Greene County
AL,01065,320,Hale County
AL,01067,330,Henry County
AL,01069,340,Houston County
AL,01071,350,Jackson County
AL,01073,360,Jefferson County
AL,01075,370,Lamar County
AL,01077,380,Lauderdale County
AL,01079,390,Lawrence County
AL,01081,400,Lee County
AL,01083,410,Limestone County
AL,01085,420,Lowndes County
AL,01087,430,Macon County
AL,01089,440,Madison County
AL,01091,450,Marengo County
AL,01093,460,Marion County
AL,01095,470,Marshall County
AL,01097,480,Mobile County
AL,01099,490,Monroe County
AL,01101,500,Montgomery County
AL,01103,510,Morgan County
AL,01105,520,Perry County
AL,01107,530,Pickens County
AL,01109,540,Pike County
AL,01111,550,Randolph County
AL,01113,560,Russell County
AL,01115,570,St. Clair County
AL,01117,580,Shelby County
AL,01119,590,Sumter County
AL,01121,,Talladega County
AL,01123,610,Tallapoosa County
AL,01125,620,Tuscaloosa County
AL,01127,630,Walker County
AL,01129,640,Washington County
AL,01131,650,Wilcox County
AL,01133,660,Winston County
AK,02013,,Aleutians East Borough
AK,02016,,Aleutians West Census Area
AK,02020,020,Anchorage Municipality
AK,02050,050,Bethel Census Area
AK,02060,,Bristol Bay Borough
AK,02068,,Denali Borough
AK,02070,,Dillingham Census Area
AK,02090,090,Fairbanks North Star Borough
AK,02100,,Haines Borough
AK,02105,,Hoonah-Angoon Census Area
AK,02110,110,Juneau City and Borough
AK,02122,210,Kenai Peninsula Borough
AK,02130,130,Ketchikan Gateway Borough
AK,02150,150,Kodiak Island Borough
AK,02164,,Lake and Peninsula Borough
AK,02170,,Matanuska-Susitna Borough
AK,02180,180,Nome Census Area
AK,02185,,North Slope Borough
AK,02188,140,Northwest Arctic Borough
AK,02195,280,Petersburg Census Area
AK,02198,,Prince of Wales-Hyder Census Area
AK,02220,220,Sitka City and Borough
AK,02230,,Skagway Municipality
AK,02240,,Southeast Fairbanks Census Area
AK,02261,260,Valdez-Cordova Census Area
AK,02270,,Wade Hampton Census Area
AK,02275,280,Wrangell City and Borough
AK,02282,,Yakutat City and Borough
AK,02290,,Yukon-Koyukuk Census Area
AZ,04001,000,Apache County
AZ,04003,010,Cochise County
AZ,04005,020,Coconino County
AZ,04007,030,Gila County
AZ,04009,040,Graham County
AZ,04011,,Greenlee County
AZ,04012,,La Paz County
AZ,04013,060,Maricopa County
AZ,04015,070,Mohave County
AZ,04017,080,Navajo County
AZ,04019,090,Pima County
AZ,04021,100,Pinal County
AZ,04023,,Santa Cruz County
AZ,04025,120,Yavapai County
AZ,04027,130,Yuma County
AR,05001,000,Arkansas County
AR,05003,010,Ashley County
AR,05005,020,Baxter County
AR,05007,030,Benton County
AR,05009,040,Boone County
AR,05011,050,Bradley County
AR,05013,,Calhoun County
AR,05015,070,Carroll County
AR,05017,080,Chicot County
AR,05019,090,Clark County
AR,05021,100,Clay County
AR,05023,110,Cleburne County
AR,05025,120,Cleveland County
AR,05027,130,Columbia County
AR,05029,140,Conway County
AR,05031,150,Craighead County
AR,05033,160,Crawford County
AR,05035,170,Crittenden County
AR,05037,180,Cross County
AR,05039,190,Dallas County
AR,05041,200,Desha County
AR,05043,210,Drew County
AR,05045,220,Faulkner County
AR,05047,230,Franklin County
AR,05049,240,Fulton County
AR,05051,250,Garland County
AR,05053,260,Grant County
AR,05055,270,Greene County
AR,05057,280,Hempstead County
AR,05059,290,Hot Spring County
AR,05061,300,Howard County
AR,05063,310,Independence County
AR,05065,320,Izard County
AR,05067,330,Jackson County
AR,05069,340,Jefferson County
AR,05071,350,Johnson County
AR,05073,360,Lafayette County
AR,05075,370,Lawrence County
AR,05077,380,Lee County
AR,05079,390,Lincoln County
AR,05081,400,Little River County
AR,05083,410,Logan County
AR,05085,420,Lonoke County
AR,05087,430,Madison County
AR,05089,440,Marion County
AR,05091,450,Miller County
AR,05093,460,Mississippi County
AR,05095,470,Monroe County
AR,05097,480,Montgomery County
AR,05099,490,Nevada County
AR,05101,500,Newton County
AR,05103,510,Ouachita County
AR,05105,520,Perry County
AR,05107,530,Phillips County
AR,05109,540,Pike County
AR,05111,550,Poinsett County
AR,05113,560,Polk County
AR,05115,570,Pope County
AR,05117,580,Prairie County
AR,05119,590,Pulaski County
AR,05121,600,Randolph County
AR,05123,610,St. Francis County
AR,05125,620,Saline County
AR,05127,630,Scott County
AR,05129,640,Searcy County
AR,05131,650,Sebastian County
AR,05133,660,Sevier County
AR,05135,670,Sharp County
AR,05137,680,Stone County
AR,05139,690,Union County
AR,05141,700,Van Buren County
AR,05143,710,Washington County
AR,05145,720,White County
AR,05147,730,Woodruff County
AR,05149,740,Yell County
CA,06001,000,Alameda County
CA,06003,,Alpine County
CA,06005,020,Amador County
CA,06007,030,Butte County
CA,06009,040,Calaveras County
CA,06011,050,Colusa County
CA,06013,060,Contra Costa County
CA,06015,070,Del Norte County
CA,06017,080,El Dorado County
CA,06019,090,Fresno County
CA,06021,100,Glenn County
CA,06023,110,Humboldt County
CA,06025,120,Imperial County
CA,06027,130,Inyo County
CA,06029,140,Kern County
CA,06031,150,Kings County
CA,06033,160,Lake County
CA,06035,170,Lassen County
CA,06037,200,Los Angeles County
CA,06039,300,Madera County
CA,06041,310,Marin County
CA,06043,320,Mariposa County
CA,06045,330,Mendocino County
CA,06047,340,Merced County
CA,06049,350,Modoc County
CA,06051,,Mono County
CA,06053,370,Monterey County
CA,06055,380,Napa County
CA,06057,390,Nevada County
CA,06059,400,Orange County
CA,06061,410,Placer County
CA,06063,420,Plumas County
CA,06065,430,Riverside County
CA,06067,440,Sacramento County
CA,06069,450,San Benito County
CA,06071,460,San Bernardino County
CA,06073,470,San Diego County
CA,06075,480,San Francisco County
CA,06077,490,San Joaquin County
CA,06079,500,San Luis Obispo County
CA,06081,510,San Mateo County
CA,06083,520,Santa Barbara County
CA,06085,530,Santa Clara County
CA,06087,540,Santa Cruz County
CA,06089,550,Shasta County
CA,06091,,Sierra County
CA,06093,570,Siskiyou County
CA,06095,580,Solano County
CA,06097,590,Sonoma County
CA,06099,600,Stanislaus County
CA,06101,610,Sutter County
CA,06103,620,Tehama County
CA,06105,630,Trinity County
CA,06107,640,Tulare County
CA,06109,650,Tuolumne County
CA,06111,660,Ventura County
CA,06113,670,Yolo County
CA,06115,680,Yuba County
CO,08001,000,Adams County
CO,08003,010,Alamosa County
CO,08005,020,Arapahoe County
CO,08007,030,Archuleta County
CO,08009,040,Baca County
CO,08011,050,Bent County
CO,08013,060,Boulder County
CO,08014,630,Broomfield County
CO,08015,070,Chaffee County
CO,08017,080,Cheyenne County
CO,08019,,Clear Creek County
CO,08021,100,Conejos County
CO,08023,,Costilla County
CO,08025,120,Crowley County
CO,08027,,Custer County
CO,08029,140,Delta County
CO,08031,150,Denver County
CO,08033,,Dolores County
CO,08035,170,Douglas County
CO,08037,,Eagle County
CO,08039,190,Elbert County
CO,08041,200,El Paso County
CO,08043,210,Fremont County
CO,08045,220,Garfield County
CO,08047,,Gilpin County
CO,08049,,Grand County
CO,08051,250,Gunnison County
CO,08053,,Hinsdale County
CO,08055,270,Huerfano County
CO,08057,,Jackson County
CO,08059,290,Jefferson County
CO,08061,,Kiowa County
CO,08063,310,Kit Carson County
CO,08065,,Lake County
CO,08067,330,La Plata County
CO,08069,340,Larimer County
CO,08071,350,Las Animas County
CO,08073,360,Lincoln County
CO,08075,370,Logan County
CO,08077,380,Mesa County
CO,08079,,Mineral County
CO,08081,400,Moffat County
CO,08083,410,Montezuma County
CO,08085,420,Montrose County
CO,08087,430,Morgan County
CO,08089,440,Otero County
CO,08091,,Ouray County
CO,08093,,Park County
CO,08095,470,Phillips County
CO,08097,,Pitkin County
CO,08099,490,Prowers County
CO,08101,500,Pueblo County
CO,08103,510,Rio Blanco County
CO,08105,520,Rio Grande County
CO,08107,530,Routt County
CO,08109,,Saguache County
CO,08111,,San Juan County
CO,08113,,San Miguel County
CO,08115,570,Sedgwick County
CO,08117,,Summit County
CO,08119,590,Teller County
CO,08121,600,Washington County
CO,08123,610,Weld County
CO,08125,620,Yuma County
CT,09001,000,Fairfield County
CT,09003,010,Hartford County
CT,09005,020,Litchfield County
CT,09007,030,Middlesex County
CT,09009,040,New Haven County
CT,09011,050,New London County
CT,09013,060,Tolland County
CT,09015,070,Windham County
DE,10001,000,Kent County
DE,10003,010,New Castle County
DE,10005,020,Sussex County
DC,11001,000,District of Columbia
FL,12001,000,Alachua County
FL,12003,010,Baker County
FL,12005,020,Bay County
FL,12007,030,Bradford County
FL,12009,040,Brevard County
FL,12011,050,Broward County
FL,12013,060,Calhoun County
FL,12015,070,Charlotte County
FL,12017,080,Citrus County
FL,12019,090,Clay County
FL,12021,100,Collier County
FL,12023,110,Columbia County
FL,12027,,DeSoto County
FL,12029,140,Dixie County
FL,12031,150,Duval County
FL,12033,160,Escambia County
FL,12035,170,Flagler County
FL,12037,180,Franklin County
FL,12039,190,Gadsden County
FL,12041,200,Gilchrist County
FL,12043,,Glades County
FL,12045,220,Gulf County
FL,12047,230,Hamilton County
FL,12049,240,Hardee County
FL,12051,250,Hendry County
FL,12053,260,Hernando County
FL,12055,270,Highlands County
FL,12057,280,Hillsborough County
FL,12059,290,Holmes County
FL,12061,300,Indian River County
FL,12063,310,Jackson County
FL,12065,320,Jefferson County
FL,12067,330,Lafayette County
FL,12069,340,Lake County
FL,12071,350,Lee County
FL,12073,360,Leon County
FL,12075,370,Levy County
FL,12077,,Liberty County
FL,12079,390,Madison County
FL,12081,400,Manatee County
FL,12083,410,Marion County
FL,12085,420,Martin County
FL,12086,120,Miami-Dade County
FL,12087,430,Monroe County
FL,12089,440,Nassau County
FL,12091,450,Okaloosa County
FL,12093,460,Okeechobee County
FL,12095,470,Orange County
FL,12097,480,Osceola County
FL,12099,490,Palm Beach County
FL,12101,500,Pasco County
FL,12103,510,Pinellas County
FL,12105,520,Polk County
FL,12107,530,Putnam County
FL,12109,540,St. Johns County
FL,12111,550,St. Lucie County
FL,12113,560,Santa Rosa County
FL,12115,570,Sarasota County
FL,12117,580,Seminole County
FL,12119,590,Sumter County
FL,12121,600,Suwannee County
FL,12123,610,Taylor County
FL,12125,,Union County
FL,12127,630,Volusia County
FL,12129,640,Wakulla County
FL,12131,650,Walton County
FL,12133,660,Washington County
GA,13001,000,Appling County
GA,13003,,Atkinson County
GA,13005,011,Bacon County
GA,13007,,Baker County
GA,13009,030,Baldwin County
GA,13011,,Banks County
GA,13013,050,Barrow County
GA,13015,060,Bartow County
GA,13017,070,Ben Hill County
GA,13019,080,Berrien County
GA,13021,090,Bibb County
GA,13023,100,Bleckley County
GA,13025,110,Brantley County
GA,13027,120,Brooks County
GA,13029,130,Bryan County
GA,13031,140,Bulloch County
GA,13033,150,Burke County
GA,13035,160,Butts County
GA,13037,161,Calhoun County
GA,13039,170,Camden County
GA,13043,180,Candler County
GA,13045,190,Carroll County
GA,13047,200,Catoosa County
GA,13049,210,Charlton County
GA,13051,220,Chatham County
GA,13053,,Chattahoochee County
GA,13055,240,Chattooga County
GA,13057,250,Cherokee County
GA,13059,260,Clarke County
GA,13061,270,Clay County
GA,13063,280,Clayton County
GA,13065,281,Clinch County
GA,13067,290,Cobb County
GA,13069,291,Coffee County
GA,13071,300,Colquitt County
GA,13073,310,Columbia County
GA,13075,311,Cook County
GA,13077,320,Coweta County
GA,13079,330,Crawford County
GA,13081,340,Crisp County
GA,13083,341,Dade County
GA,13085,,Dawson County
GA,13087,360,Decatur County
GA,13089,,DeKalb County
GA,13091,380,Dodge County
GA,13093,381,Dooly County
GA,13095,390,Dougherty County
GA,13097,400,Douglas County
GA,13099,410,Early County
GA,13101,,Echols County
GA,13103,421,Effingham County
GA,13105,430,Elbert County
GA,13107,440,Emanuel County
GA,13109,441,Evans County
GA,13111,450,Fannin County
GA,13113,451,Fayette County
GA,13115,460,Floyd County
GA,13117,461,Forsyth County
GA,13119,462,Franklin County
GA,13121,470,Fulton County
GA,13123,471,Gilmer County
GA,13125,480,Glascock County
GA,13127,490,Glynn County
GA,13129,500,Gordon County
GA,13131,510,Grady County
GA,13133,520,Greene County
GA,13135,530,Gwinnett County
GA,13137,540,Habersham County
GA,13139,550,Hall County
GA,13141,560,Hancock County
GA,13143,570,Haralson County
GA,13145,580,Harris County
GA,13147,581,Hart County
GA,13149,590,Heard County
GA,13151,591,Henry County
GA,13153,600,Houston County
GA,13155,601,Irwin County
GA,13157,610,Jackson County
GA,13159,611,Jasper County
GA,13161,612,Jeff Davis County
GA,13163,620,Jefferson County
GA,13165,630,Jenkins County
GA,13167,640,Johnson County
GA,13169,650,Jones County
GA,13171,651,Lamar County
GA,13173,652,Lanier County
GA,13175,660,Laurens County
GA,13177,670,Lee County
GA,13179,680,Liberty County
GA,13181,,Lincoln County
GA,13183,691,Long County
GA,13185,700,Lowndes County
GA,13187,701,Lumpkin County
GA,13189,702,McDuffie County
GA,13191,,McIntosh County
GA,13193,710,Macon County
GA,13195,720,Madison County
GA,13197,730,Marion County
GA,13199,740,Meriwether County
GA,13201,741,Miller County
GA,13205,750,Mitchell County
GA,13207,760,Monroe County
GA,13209,,Montgomery County
GA,13211,771,Morgan County
GA,13213,772,Murray County
GA,13215,780,Muscogee County
GA,13217,790,Newton County
GA,13219,,Oconee County
GA,13221,801,Oglethorpe County
GA,13223,810,Paulding County
GA,13225,811,Peach County
GA,13227,812,Pickens County
GA,13229,,Pierce County
GA,13231,821,Pike County
GA,13233,830,Polk County
GA,13235,831,Pulaski County
GA,13237,832,Putnam County
GA,13239,,Quitman County
GA,13241,834,Rabun County
GA,13243,835,Randolph County
GA,13245,840,Richmond County
GA,13247,841,Rockdale County
GA,13249,,Schley County
GA,13251,850,Screven County
GA,13253,851,Seminole County
GA,13255,860,Spalding County
GA,13257,861,Stephens County
GA,13259,862,Stewart County
GA,13261,870,Sumter County
GA,13263,,Talbot County
GA,13265,,Taliaferro County
GA,13267,882,Tattnall County
GA,13269,883,Taylor County
GA,13271,884,Telfair County
GA,13273,885,Terrell County
GA,13275,890,Thomas County
GA,13277,900,Tift County
GA,13279,901,Toombs County
GA,13281,902,Towns County
GA,13283,903,Treutlen County
GA,13285,910,Troup County
GA,13287,911,Turner County
GA,13289,912,Twiggs County
GA,13291,913,Union County
GA,13293,920,Upson County
GA,13295,921,Walker County
GA,13297,930,Walton County
GA,13299,940,Ware County
GA,13301,941,Warren County
GA,13303,950,Washington County
GA,13305,960,Wayne County
GA,13307,,Webster County
GA,13309,962,Wheeler County
GA,13311,963,White County
GA,13313,970,Whitfield County
GA,13315,971,Wilcox County
GA,13317,972,Wilkes County
GA,13319,973,Wilkinson County
GA,13321,980,Worth County
HI,15001,010,Hawaii County
HI,15003,020,Honolulu County
HI,15005,,Kalawao County
HI,15007,040,Kauai County
HI,15009,050,Maui County
ID,16001,000,Ada County
ID,16003,,Adams County
ID,16005,020,Bannock County
ID,16007,030,Bear Lake County
ID,16009,040,Benewah County
ID,16011,050,Bingham County
ID,16013,060,Blaine County
ID,16015,,Boise County
ID,16017,080,Bonner County
ID,16019,090,Bonneville County
ID,16021,100,Boundary County
ID,16023,,Butte County
ID,16025,,Camas County
ID,16027,130,Canyon County
ID,16029,140,Caribou County
ID,16031,150,Cassia County
ID,16033,,Clark County
ID,16035,170,Clearwater County
ID,16037,,Custer County
ID,16039,190,Elmore County
ID,16041,200,Franklin County
ID,16043,210,Fremont County
ID,16045,220,Gem County
ID,16047,230,Gooding County
ID,16049,240,Idaho County
ID,16051,,Jefferson County
ID,16053,,Jerome County
ID,16055,270,Kootenai County
ID,16057,280,Latah County
ID,16059,290,Lemhi County
ID,16061,,Lewis County
ID,16063,310,Lincoln County
ID,16065,320,Madison County
ID,16067,330,Minidoka County
ID,16069,340,Nez Perce County
ID,16071,350,Oneida County
ID,16073,360,Owyhee County
ID,16075,370,Payette County
ID,16077,380,Power County
ID,16079,390,Shoshone County
ID,16081,,Teton County
ID,16083,410,Twin Falls County
ID,16085,420,Valley County
ID,16087,430,Washington County
IL,17001,000,Adams County
IL,17003,010,Alexander County
IL,17005,020,Bond County
IL,17007,030,Boone County
IL,17009,040,Brown County
IL,17011,050,Bureau County
IL,17013,060,Calhoun County
IL,17015,070,Carroll County
IL,17017,080,Cass County
IL,17019,090,Champaign County
IL,17021,100,Christian County
IL,17023,110,Clark County
IL,17025,120,Clay County
IL,17027,130,Clinton County
IL,17029,140,Coles County
IL,17031,141,Cook County
IL,17033,150,Crawford County
IL,17035,160,Cumberland County
IL,17037,,DeKalb County
IL,17039,180,De Witt County
IL,17041,190,Douglas County
IL,17043,,DuPage County
IL,17045,310,Edgar County
IL,17047,320,Edwards County
IL,17049,330,Effingham County
IL,17051,340,Fayette County
IL,17053,350,Ford County
IL,17055,360,Franklin County
IL,17057,370,Fulton County
IL,17059,380,Gallatin County
IL,17061,390,Greene County
IL,17063,400,Grundy County
IL,17065,410,Hamilton County
IL,17067,420,Hancock County
IL,17069,421,Hardin County
IL,17071,440,Henderson County
IL,17073,450,Henry County
IL,17075,460,Iroquois County
IL,17077,470,Jackson County
IL,17079,480,Jasper County
IL,17081,490,Jefferson County
IL,17083,500,Jersey County
IL,17085,510,Jo Daviess County
IL,17087,520,Johnson County
IL,17089,530,Kane County
IL,17091,540,Kankakee County
IL,17093,550,Kendall County
IL,17095,560,Knox County
IL,17097,570,Lake County
IL,17099,,LaSalle County
IL,17101,590,Lawrence County
IL,17103,600,Lee County
IL,17105,610,Livingston County
IL,17107,620,Logan County
IL,17109,,McDonough County
IL,17111,,McHenry County
IL,17113,,McLean County
IL,17115,660,Macon County
IL,17117,670,Macoupin County
IL,17119,680,Madison County
IL,17121,690,Marion County
IL,17123,700,Marshall County
IL,17125,710,Mason County
IL,17127,720,Massac County
IL,17129,730,Menard County
IL,17131,740,Mercer County
IL,17133,750,Monroe County
IL,17135,760,Montgomery County
IL,17137,770,Morgan County
IL,17139,780,Moultrie County
IL,17141,790,Ogle County
IL,17143,800,Peoria County
IL,17145,810,Perry County
IL,17147,820,Piatt County
IL,17149,830,Pike County
IL,17151,,Pope County
IL,17153,,Pulaski County
IL,17155,,Putnam County
IL,17157,870,Randolph County
IL,17159,880,Richland County
IL,17161,890,Rock Island County
IL,17163,900,St. Clair County
IL,17165,910,Saline County
IL,17167,920,Sangamon County
IL,17169,921,Schuyler County
IL,17171,940,Scott County
IL,17173,950,Shelby County
IL,17175,960,Stark County
IL,17177,970,Stephenson County
IL,17179,980,Tazewell County
IL,17181,981,Union County
IL,17183,982,Vermilion County
IL,17185,983,Wabash County
IL,17187,984,Warren County
IL,17189,985,Washington County
IL,17191,986,Wayne County
IL,17193,987,White County
IL,17195,988,Whiteside County
IL,17197,989,Will County
IL,17199,990,Williamson County
IL,17201,991,Winnebago County
IL,17203,992,Woodford County
IN,18001,000,Adams County
IN,18003,010,Allen County
IN,18005,020,Bartholomew County
IN,18007,030,Benton County
IN,18009,040,Blackford County
IN,18011,050,Boone County
IN,18013,060,Brown County
IN,18015,070,Carroll County
IN,18017,080,Cass County
IN,18019,090,Clark County
IN,18021,100,Clay County
IN,18023,110,Clinton County
IN,18025,120,Crawford County
IN,18027,130,Daviess County
IN,18029,140,Dearborn County
IN,18031,150,Decatur County
IN,18033,,DeKalb County
IN,18035,170,Delaware County
IN,18037,180,Dubois County
IN,18039,190,Elkhart County
IN,18041,200,Fayette County
IN,18043,210,Floyd County
IN,18045,220,Fountain County
IN,18047,230,Franklin County
IN,18049,240,Fulton County
IN,18051,250,Gibson County
IN,18053,260,Grant County
IN,18055,270,Greene County
IN,18057,280,Hamilton County
IN,18059,290,Hancock County
IN,18061,300,Harrison County
IN,18063,310,Hendricks County
IN,18065,320,Henry County
IN,18067,330,Howard County
IN,18069,340,Huntington County
IN,18071,350,Jackson County
IN,18073,360,Jasper County
IN,18075,370,Jay County
IN,18077,380,Jefferson County
IN,18079,390,Jennings County
IN,18081,400,Johnson County
IN,18083,410,Knox County
IN,18085,420,Kosciusko County
IN,18087,430,LaGrange County
IN,18089,440,Lake County
IN,18091,,LaPorte County
IN,18093,460,Lawrence County
IN,18095,470,Madison County
IN,18097,480,Marion County
IN,18099,490,Marshall County
IN,18101,500,Martin County
IN,18103,510,Miami County
IN,18105,520,Monroe County
IN,18107,530,Montgomery County
IN,18109,540,Morgan County
IN,18111,550,Newton County
IN,18113,560,Noble County
IN,18115,570,Ohio County
IN,18117,580,Orange County
IN,18119,590,Owen County
IN,18121,600,Parke County
IN,18123,610,Perry County
IN,18125,620,Pike County
IN,18127,630,Porter County
IN,18129,640,Posey County
IN,18131,650,Pulaski County
IN,18133,660,Putnam County
IN,18135,670,Randolph County
IN,18137,680,Ripley County
IN,18139,690,Rush County
IN,18141,700,St. Joseph County
IN,18143,710,Scott County
IN,18145,720,Shelby County
IN,18147,730,Spencer County
IN,18149,740,Starke County
IN,18151,750,Steuben County
IN,18153,760,Sullivan County
IN,18155,770,Switzerland County
IN,18157,780,Tippecanoe County
IN,18159,790,Tipton County
IN,18161,800,Union County
IN,18163,810,Vanderburgh County
IN,18165,820,Vermillion County
IN,18167,830,Vigo County
IN,18169,840,Wabash County
IN,18171,850,Warren County
IN,18173,860,Warrick County
IN,18175,870,Washington County
IN,18177,880,Wayne County
IN,18179,890,Wells County
IN,18181,900,White County
IN,18183,910,Whitley County
IA,19001,000,Adair County
IA,19003,010,Adams County
IA,19005,020,Allamakee County
IA,19007,030,Appanoose County
IA,19009,040,Audubon County
IA,19011,050,Benton County
IA,19013,060,Black Hawk County
IA,19015,070,Boone County
IA,19017,080,Bremer County
IA,19019,090,Buchanan County
IA,19021,100,Buena Vista County
IA,19023,110,Butler County
IA,19025,120,Calhoun County
IA,19027,130,Carroll County
IA,19029,140,Cass County
IA,19031,150,Cedar County
IA,19033,160,Cerro Gordo County
IA,19035,170,Cherokee County
IA,19037,180,Chickasaw County
IA,19039,190,Clarke County
IA,19041,200,Clay County
IA,19043,210,Clayton County
IA,19045,220,Clinton County
IA,19047,230,Crawford County
IA,19049,240,Dallas County
IA,19051,250,Davis County
IA,19053,260,Decatur County
IA,19055,270,Delaware County
IA,19057,280,Des Moines County
IA,19059,290,Dickinson County
IA,19061,300,Dubuque County
IA,19063,310,Emmet County
IA,19065,320,Fayette County
IA,19067,330,Floyd County
IA,19069,340,Franklin County
IA,19071,350,Fremont County
IA,19073,360,Greene County
IA,19075,370,Grundy County
IA,19077,380,Guthrie County
IA,19079,390,Hamilton County
IA,19081,400,Hancock County
IA,19083,410,Hardin County
IA,19085,420,Harrison County
IA,19087,430,Henry County
IA,19089,440,Howard County
IA,19091,450,Humboldt County
IA,19093,460,Ida County
IA,19095,470,Iowa County
IA,19097,480,Jackson County
IA,19099,490,Jasper County
IA,19101,500,Jefferson County
IA,19103,510,Johnson County
IA,19105,520,Jones County
IA,19107,530,Keokuk County
IA,19109,540,Kossuth County
IA,19111,550,Lee County
IA,19113,560,Linn County
IA,19115,570,Louisa County
IA,19117,580,Lucas County
IA,19119,590,Lyon County
IA,19121,600,Madison County
IA,19123,610,Mahaska County
IA,19125,620,Marion County
IA,19127,630,Marshall County
IA,19129,640,Mills County
IA,19131,650,Mitchell County
IA,19133,660,Monona County
IA,19135,670,Monroe County
IA,19137,680,Montgomery County
IA,19139,690,Muscatine County
IA,19141,,O'Brien County
IA,19143,710,Osceola County
IA,19145,720,Page County
IA,19147,730,Palo Alto County
IA,19149,740,Plymouth County
IA,19151,750,Pocahontas County
IA,19153,760,Polk County
IA,19155,770,Pottawattamie County
IA,19157,780,Poweshiek County
IA,19159,790,Ringgold County
IA,19161,800,Sac County
IA,19163,810,Scott County
IA,19165,820,Shelby County
IA,19167,830,Sioux County
IA,19169,840,Story County
IA,19171,850,Tama County
IA,19173,860,Taylor County
IA,19175,870,Union County
IA,19177,880,Van Buren County
IA,19179,890,Wapello County
IA,19181,900,Warren County
IA,19183,910,Washington County
IA,19185,920,Wayne County
IA,19187,930,Webster County
IA,19189,940,Winnebago County
IA,19191,950,Winneshiek County
IA,19193,960,Woodbury County
IA,19195,970,Worth County
IA,19197,980,Wright County
KS,20001,000,Allen County
KS,20003,010,Anderson County
KS,20005,020,Atchison County
KS,20007,030,Barber County
KS,20009,040,Barton County
KS,20011,050,Bourbon County
KS,20013,060,Brown County
KS,20015,070,Butler County
KS,20017,080,Chase County
KS,20019,090,Chautauqua County
KS,20021,100,Cherokee County
KS,20023,110,Cheyenne County
KS,20025,120,Clark County
KS,20027,130,Clay County
KS,20029,140,Cloud County
KS,20031,150,Coffey County
KS,20033,160,Comanche County
KS,20035,170,Cowley County
KS,20037,180,Crawford County
KS,20039,190,Decatur County
KS,20041,200,Dickinson County
KS,20043,210,Doniphan County
KS,20045,220,Douglas County
KS,20047,230,Edwards County
KS,20049,240,Elk County
KS,20051,250,Ellis County
KS,20053,260,Ellsworth County
KS,20055,270,Finney County
KS,20057,280,Ford County
KS,20059,290,Franklin County
KS,20061,300,Geary County
KS,20063,310,Gove County
KS,20065,320,Graham County
KS,20067,330,Grant County
KS,20069,340,Gray County
KS,20071,350,Greeley County
KS,20073,360,Greenwood County
KS,20075,370,Hamilton County
KS,20077,380,Harper County
KS,20079,390,Harvey County
KS,20081,391,Haskell County
KS,20083,410,Hodgeman County
KS,20085,420,Jackson County
KS,20087,430,Jefferson County
KS,20089,,Jewell County
KS,20091,450,Johnson County
KS,20093,451,Kearny County
KS,20095,470,Kingman County
KS,20097,480,Kiowa County
KS,20099,490,Labette County
KS,20101,500,Lane County
KS,20103,510,Leavenworth County
KS,20105,520,Lincoln County
KS,20107,530,Linn County
KS,20109,540,Logan County
KS,20111,550,Lyon County
KS,20113,560,McPherson County
KS,20115,570,Marion County
KS,20117,580,Marshall County
KS,20119,590,Meade County
KS,20121,600,Miami County
KS,20123,610,Mitchell County
KS,20125,620,Montgomery County
KS,20127,630,Morris County
KS,20129,640,Morton County
KS,20131,650,Nemaha County
KS,20133,660,Neosho County
KS,20135,670,Ness County
KS,20137,680,Norton County
KS,20139,690,Osage County
KS,20141,700,Osborne County
KS,20143,710,Ottawa County
KS,20145,720,Pawnee County
KS,20147,730,Phillips County
KS,20149,740,Pottawatomie County
KS,20151,750,Pratt County
KS,20153,760,Rawlins County
KS,20155,770,Reno County
KS,20157,780,Republic County
KS,20159,790,Rice County
KS,20161,800,Riley County
KS,20163,810,Rooks County
KS,20165,820,Rush County
KS,20167,830,Russell County
KS,20169,840,Saline County
KS,20171,841,Scott County
KS,20173,860,Sedgwick County
KS,20175,870,Seward County
KS,20177,880,Shawnee County
KS,20179,890,Sheridan County
KS,20181,900,Sherman County
KS,20183,910,Smith County
KS,20185,920,Stafford County
KS,20187,921,Stanton County
KS,20189,940,Stevens County
KS,20191,950,Sumner County
KS,20193,960,Thomas County
KS,20195,970,Trego County
KS,20197,980,Wabaunsee County
KS,20199,981,Wallace County
KS,20201,982,Washington County
KS,20203,983,Wichita County
KS,20205,984,Wilson County
KS,20207,985,Woodson County
KS,20209,986,Wyandotte County
KY,21001,000,Adair County
KY,21003,010,Allen County
KY,21005,020,Anderson County
KY,21007,030,Ballard County
KY,21009,040,Barren County
KY,21011,050,Bath County
KY,21013,060,Bell County
KY,21015,070,Boone County
KY,21017,080,Bourbon County
KY,21019,090,Boyd County
KY,21021,100,Boyle County
KY,21023,110,Bracken County
KY,21025,120,Breathitt County
KY,21027,130,Breckinridge County
KY,21029,140,Bullitt County
KY,21031,150,Butler County
KY,21033,160,Caldwell County
KY,21035,170,Calloway County
KY,21037,180,Campbell County
KY,21039,190,Carlisle County
KY,21041,191,Carroll County
KY,21043,210,Carter County
KY,21045,220,Casey County
KY,21047,230,Christian County
KY,21049,240,Clark County
KY,21051,250,Clay County
KY,21053,260,Clinton County
KY,21055,270,Crittenden County
KY,21057,271,Cumberland County
KY,21059,290,Daviess County
KY,21061,291,Edmonson County
KY,21063,310,Elliott County
KY,21065,320,Estill County
KY,21067,330,Fayette County
KY,21069,340,Fleming County
KY,21071,350,Floyd County
KY,21073,360,Franklin County
KY,21075,361,Fulton County
KY,21077,362,Gallatin County
KY,21079,390,Garrard County
KY,21081,400,Grant County
KY,21083,410,Graves County
KY,21085,420,Grayson County
KY,21087,421,Green County
KY,21089,440,Greenup County
KY,21091,450,Hancock County
KY,21093,460,Hardin County
KY,21095,470,Harlan County
KY,21097,480,Harrison County
KY,21099,490,Hart County
KY,21101,500,Henderson County
KY,21103,510,Henry County
KY,21105,511,Hickman County
KY,21107,530,Hopkins County
KY,21109,540,Jackson County
KY,21111,550,Jefferson County
KY,21113,560,Jessamine County
KY,21115,570,Johnson County
KY,21117,580,Kenton County
KY,21119,590,Knott County
KY,21121,600,Knox County
KY,21123,610,Larue County
KY,21125,620,Laurel County
KY,21127,630,Lawrence County
KY,21129,640,Lee County
KY,21131,650,Leslie County
KY,21133,660,Letcher County
KY,21135,670,Lewis County
KY,21137,680,Lincoln County
KY,21139,690,Livingston County
KY,21141,700,Logan County
KY,21143,710,Lyon County
KY,21145,,McCracken County
KY,21147,,McCreary County
KY,21149,,McLean County
KY,21151,750,Madison County
KY,21153,760,Magoffin County
KY,21155,770,Marion County
KY,21157,780,Marshall County
KY,21159,790,Martin County
KY,21161,800,Mason County
KY,21163,801,Meade County
KY,21165,802,Menifee County
KY,21167,830,Mercer County
KY,21169,831,Metcalfe County
KY,21171,850,Monroe County
KY,21173,860,Montgomery County
KY,21175,861,Morgan County
KY,21177,880,Muhlenberg County
KY,21179,890,Nelson County
KY,21181,900,Nicholas County
KY,21183,910,Ohio County
KY,21185,920,Oldham County
KY,21187,930,Owen County
KY,21189,931,Owsley County
KY,21191,932,Pendleton County
KY,21193,960,Perry County
KY,21195,970,Pike County
KY,21197,971,Powell County
KY,21199,972,Pulaski County
KY,21201,973,Robertson County
KY,21203,974,Rockcastle County
KY,21205,975,Rowan County
KY,21207,976,Russell County
KY,21209,977,Scott County
KY,21211,978,Shelby County
KY,21213,979,Simpson County
KY,21215,980,Spencer County
KY,21217,981,Taylor County
KY,21219,982,Todd County
KY,21221,983,Trigg County
KY,21223,984,Trimble County
KY,21225,985,Union County
KY,21227,986,Warren County
KY,21229,987,Washington County
KY,21231,988,Wayne County
KY,21233,989,Webster County
KY,21235,990,Whitley County
KY,21237,991,Wolfe County
KY,21239,,Woodford County
LA,22001,000,Acadia Parish
LA,22003,010,Allen Parish
LA,22005,020,Ascension Parish
LA,22007,030,Assumption Parish
LA,22009,040,Avoyelles Parish
LA,22011,050,Beauregard Parish
LA,22013,060,Bienville Parish
LA,22015,070,Bossier Parish
LA,22017,080,Caddo Parish
LA,22019,090,Calcasieu Parish
LA,22021,100,Caldwell Parish
LA,22023,,Cameron Parish
LA,22025,120,Catahoula Parish
LA,22027,130,Claiborne Parish
LA,22029,140,Concordia Parish
LA,22031,150,De Soto Parish
LA,22033,,East Baton Rouge Parish
LA,22035,170,East Carroll Parish
LA,22037,180,East Feliciana Parish
LA,22039,190,Evangeline Parish
LA,22041,200,Franklin Parish
LA,22043,210,Grant Parish
LA,22045,220,Iberia Parish
LA,22047,230,Iberville Parish
LA,22049,240,Jackson Parish
LA,22051,250,Jefferson Parish
LA,22053,,Jefferson Davis Parish
LA,22055,270,Lafayette Parish
LA,22057,280,Lafourche Parish
LA,22059,,LaSalle Parish
LA,22061,300,Lincoln Parish
LA,22063,310,Livingston Parish
LA,22065,320,Madison Parish
LA,22067,330,Morehouse Parish
LA,22069,340,Natchitoches Parish
LA,22071,350,Orleans Parish
LA,22073,360,Ouachita Parish
LA,22075,370,Plaquemines Parish
LA,22077,380,Pointe Coupee Parish
LA,22079,390,Rapides Parish
LA,22081,400,Red River Parish
LA,22083,410,Richland Parish
LA,22085,420,Sabine Parish
LA,22087,,St. Bernard Parish
LA,22089,440,St. Charles Parish
LA,22091,450,St. Helena Parish
LA,22093,460,St. James Parish
LA,22095,,St. John the Baptist Parish
LA,22097,480,St. Landry Parish
LA,22099,490,St. Martin Parish
LA,22101,500,St. Mary Parish
LA,22103,510,St. Tammany Parish
LA,22105,520,Tangipahoa Parish
LA,22107,,Tensas Parish
LA,22109,540,Terrebonne Parish
LA,22111,550,Union Parish
LA,22113,560,Vermilion Parish
LA,22115,570,Vernon Parish
LA,22117,580,Washington Parish
LA,22119,590,Webster Parish
LA,22121,,West Baton Rouge Parish
LA,22123,610,West Carroll Parish
LA,22125,620,West Feliciana Parish
LA,22127,630,Winn Parish
ME,23001,000,Androscoggin County
ME,23003,010,Aroostook County
ME,23005,020,Cumberland County
ME,23007,030,Franklin County
ME,23009,040,Hancock County
ME,23011,050,Kennebec County
ME,23013,060,Knox County
ME,23015,070,Lincoln County
ME,23017,080,Oxford County
ME,23019,090,Penobscot County
ME,23021,100,Piscataquis County
ME,23023,110,Sagadahoc County
ME,23025,120,Somerset County
ME,23027,130,Waldo County
ME,23029,140,Washington County
ME,23031,150,York County
MD,24001,000,Allegany County
MD,24003,010,Anne Arundel County
MD,24005,020,Baltimore County
MD,24009,040,Calvert County
MD,24011,050,Caroline County
MD,24013,060,Carroll County
MD,24015,070,Cecil County
MD,24017,080,Charles County
MD,24019,090,Dorchester County
MD,24021,100,Frederick County
MD,24023,110,Garrett County
MD,24025,120,Harford County
MD,24027,130,Howard County
MD,24029,140,Kent County
MD,24031,150,Montgomery County
MD,24033,,Prince George's County
MD,24035,,Queen Anne's County
MD,24037,,St. Mary's County
MD,24039,190,Somerset County
MD,24041,200,Talbot County
MD,24043,210,Washington County
MD,24045,220,Wicomico County
MD,24047,230,Worcester County
MD,24510,,Baltimore city
MA,25001,000,Barnstable County
MA,25003,010,Berkshire County
MA,25005,020,Bristol County
MA,25007,030,Dukes County
MA,25009,040,Essex County
MA,25011,060,Franklin County
MA,25013,070,Hampden County
MA,25015,080,Hampshire County
MA,25017,090,Middlesex County
MA,25019,120,Nantucket County
MA,25021,130,Norfolk County
MA,25023,150,Plymouth County
MA,25025,160,Suffolk County
MA,25027,170,Worcester County
MI,26001,000,Alcona County
MI,26003,010,Alger County
MI,26005,020,Allegan County
MI,26007,030,Alpena County
MI,26009,040,Antrim County
MI,26011,050,Arenac County
MI,26013,060,Baraga County
MI,26015,070,Barry County
MI,26017,080,Bay County
MI,26019,090,Benzie County
MI,26021,100,Berrien County
MI,26023,110,Branch County
MI,26025,120,Calhoun County
MI,26027,130,Cass County
MI,26029,140,Charlevoix County
MI,26031,150,Cheboygan County
MI,26033,160,Chippewa County
MI,26035,170,Clare County
MI,26037,180,Clinton County
MI,26039,190,Crawford County
MI,26041,200,Delta County
MI,26043,210,Dickinson County
MI,26045,220,Eaton County
MI,26047,230,Emmet County
MI,26049,240,Genesee County
MI,26051,250,Gladwin County
MI,26053,260,Gogebic County
MI,26055,270,Grand Traverse County
MI,26057,280,Gratiot County
MI,26059,290,Hillsdale County
MI,26061,300,Houghton County
MI,26063,310,Huron County
MI,26065,320,Ingham County
MI,26067,330,Ionia County
MI,26069,340,Iosco County
MI,26071,350,Iron County
MI,26073,360,Isabella County
MI,26075,370,Jackson County
MI,26077,380,Kalamazoo County
MI,26079,390,Kalkaska County
MI,26081,400,Kent County
MI,26083,,Keweenaw County
MI,26085,420,Lake County
MI,26087,430,Lapeer County
MI,26089,440,Leelanau County
MI,26091,450,Lenawee County
MI,26093,460,Livingston County
MI,26095,470,Luce County
MI,26097,480,Mackinac County
MI,26099,490,Macomb County
MI,26101,500,Manistee County
MI,26103,510,Marquette County
MI,26105,520,Mason County
MI,26107,530,Mecosta County
MI,26109,540,Menominee County
MI,26111,550,Midland County
MI,26113,560,Missaukee County
MI,26115,570,Monroe County
MI,26117,580,Montcalm County
MI,26119,590,Montmorency County
MI,26121,600,Muskegon County
MI,26123,610,Newaygo County
MI,26125,620,Oakland County
MI,26127,630,Oceana County
MI,26129,640,Ogemaw County
MI,26131,650,Ontonagon County
MI,26133,660,Osceola County
MI,26135,670,Oscoda County
MI,26137,680,Otsego County
MI,26139,690,Ottawa County
MI,26141,700,Presque Isle County
MI,26143,710,Roscommon County
MI,26145,720,Saginaw County
MI,26147,730,St. Clair County
MI,26149,740,St. Joseph County
MI,26151,750,Sanilac County
MI,26153,760,Schoolcraft County
MI,26155,770,Shiawassee County
MI,26157,780,Tuscola County
MI,26159,790,Van Buren County
MI,26161,800,Washtenaw County
MI,26163,810,Wayne County
MI,26165,830,Wexford County
MN,27001,000,Aitkin County
MN,27003,010,Anoka County
MN,27005,020,Becker County
MN,27007,030,Beltrami County
MN,27009,040,Benton County
MN,27011,050,Big Stone County
MN,27013,060,Blue Earth County
MN,27015,070,Brown County
MN,27017,080,Carlton County
MN,27019,090,Carver County
MN,27021,100,Cass County
MN,27023,110,Chippewa County
MN,27025,120,Chisago County
MN,27027,130,Clay County
MN,27029,140,Clearwater County
MN,27031,150,Cook County
MN,27033,160,Cottonwood County
MN,27035,170,Crow Wing County
MN,27037,180,Dakota County
MN,27039,190,Dodge County
MN,27041,200,Douglas County
MN,27043,210,Faribault County
MN,27045,220,Fillmore County
MN,27047,230,Freeborn County
MN,27049,240,Goodhue County
MN,27051,250,Grant County
MN,27053,260,Hennepin County
MN,27055,270,Houston County
MN,27057,280,Hubbard County
MN,27059,290,Isanti County
MN,27061,300,Itasca County
MN,27063,310,Jackson County
MN,27065,320,Kanabec County
MN,27067,330,Kandiyohi County
MN,27069,340,Kittson County
MN,27071,350,Koochiching County
MN,27073,360,Lac qui Parle County
MN,27075,370,Lake County
MN,27077,,Lake of the Woods County
MN,27079,390,Le Sueur County
MN,27081,400,Lincoln County
MN,27083,410,Lyon County
MN,27085,,McLeod County
MN,27087,430,Mahnomen County
MN,27089,440,Marshall County
MN,27091,450,Martin County
MN,27093,460,Meeker County
MN,27095,470,Mille Lacs County
MN,27097,480,Morrison County
MN,27099,490,Mower County
MN,27101,500,Murray County
MN,27103,510,Nicollet County
MN,27105,520,Nobles County
MN,27107,530,Norman County
MN,27109,540,Olmsted County
MN,27111,550,Otter Tail County
MN,27113,560,Pennington County
MN,27115,570,Pine County
MN,27117,580,Pipestone County
MN,27119,590,Polk County
MN,27121,600,Pope County
MN,27123,610,Ramsey County
MN,27125,,Red Lake County
MN,27127,630,Redwood County
MN,27129,640,Renville County
MN,27131,650,Rice County
MN,27133,660,Rock County
MN,27135,670,Roseau County
MN,27137,680,St. Louis County
MN,27139,690,Scott County
MN,27141,700,Sherburne County
MN,27143,710,Sibley County
MN,27145,720,Stearns County
MN,27147,730,Steele County
MN,27149,740,Stevens County
MN,27151,750,Swift County
MN,27153,760,Todd County
MN,27155,770,Traverse County
MN,27157,780,Wabasha County
MN,27159,790,Wadena County
MN,27161,800,Waseca County
MN,27163,810,Washington County
MN,27165,820,Watonwan County
MN,27167,830,Wilkin County
MN,27169,840,Winona County
MN,27171,850,Wright County
MN,27173,,Yellow Medicine County
MS,28001,000,Adams County
MS,28003,010,Alcorn County
MS,28005,020,Amite County
MS,28007,030,Attala County
MS,28009,040,Benton County
MS,28011,050,Bolivar County
MS,28013,060,Calhoun County
MS,28015,070,Carroll County
MS,28017,080,Chickasaw County
MS,28019,090,Choctaw County
MS,28021,100,Claiborne County
MS,28023,110,Clarke County
MS,28025,120,Clay County
MS,28027,130,Coahoma County
MS,28029,140,Copiah County
MS,28031,150,Covington County
MS,28033,,DeSoto County
MS,28035,37,Forrest County
MS,28037,180,Franklin County
MS,28039,190,George County
MS,28041,200,Greene County
MS,28043,210,Grenada County
MS,28045,220,Hancock County
MS,28047,230,Harrison County
MS,28049,240,Hinds County
MS,28051,250,Holmes County
MS,28053,260,Humphreys County
MS,28055,,Issaquena County
MS,28057,280,Itawamba County
MS,28059,290,Jackson County
MS,28061,300,Jasper County
MS,28063,310,Jefferson County
MS,28065,320,Jefferson Davis County
MS,28067,330,Jones County
MS,28069,340,Kemper County
MS,28071,350,Lafayette County
MS,28073,360,Lamar County
MS,28075,370,Lauderdale County
MS,28077,380,Lawrence County
MS,28079,390,Leake County
MS,28081,400,Lee County
MS,28083,410,Leflore County
MS,28085,420,Lincoln County
MS,28087,430,Lowndes County
MS,28089,440,Madison County
MS,28091,450,Marion County
MS,28093,460,Marshall County
MS,28095,470,Monroe County
MS,28097,480,Montgomery County
MS,28099,490,Neshoba County
MS,28101,500,Newton County
MS,28103,510,Noxubee County
MS,28105,520,Oktibbeha County
MS,28107,530,Panola County
MS,28109,540,Pearl River County
MS,28111,550,Perry County
MS,28113,560,Pike County
MS,28115,570,Pontotoc County
MS,28117,580,Prentiss County
MS,28119,590,Quitman County
MS,28121,600,Rankin County
MS,28123,610,Scott County
MS,28125,620,Sharkey County
MS,28127,630,Simpson County
MS,28129,640,Smith County
MS,28131,650,Stone County
MS,28133,660,Sunflower County
MS,28135,670,Tallahatchie County
MS,28137,680,Tate County
MS,28139,690,Tippah County
MS,28141,700,Tishomingo County
MS,28143,710,Tunica County
MS,28145,720,Union County
MS,28147,730,Walthall County
MS,28149,740,Warren County
MS,28151,750,Washington County
MS,28153,760,Wayne County
MS,28155,770,Webster County
MS,28157,780,Wilkinson County
MS,28159,790,Winston County
MS,28161,800,Yalobusha County
MS,28163,810,Yazoo County
MO,29001,000,Adair County
MO,29003,010,Andrew County
MO,29005,020,Atchison County
MO,29007,030,Audrain County
MO,29009,040,Barry County
MO,29011,050,Barton County
MO,29013,060,Bates County
MO,29015,070,Benton County
MO,29017,080,Bollinger County
MO,29019,090,Boone County
MO,29021,100,Buchanan County
MO,29023,110,Butler County
MO,29025,120,Caldwell County
MO,29027,130,Callaway County
MO,29029,140,Camden County
MO,29031,150,Cape Girardeau County
MO,29033,160,Carroll County
MO,29035,170,Carter County
MO,29037,180,Cass County
MO,29039,190,Cedar County
MO,29041,200,Chariton County
MO,29043,210,Christian County
MO,29045,220,Clark County
MO,29047,230,Clay County
MO,29049,240,Clinton County
MO,29051,250,Cole County
MO,29053,260,Cooper County
MO,29055,270,Crawford County
MO,29057,280,Dade County
MO,29059,290,Dallas County
MO,29061,300,Daviess County
MO,29063,,DeKalb County
MO,29065,320,Dent County
MO,29067,330,Douglas County
MO,29069,340,Dunklin County
MO,29071,350,Franklin County
MO,29073,360,Gasconade County
MO,29075,370,Gentry County
MO,29077,380,Greene County
MO,29079,390,Grundy County
MO,29081,400,Harrison County
MO,29083,410,Henry County
MO,29085,411,Hickory County
MO,29087,412,Holt County
MO,29089,440,Howard County
MO,29091,450,Howell County
MO,29093,460,Iron County
MO,29095,470,Jackson County
MO,29097,480,Jasper County
MO,29099,490,Jefferson County
MO,29101,500,Johnson County
MO,29103,510,Knox County
MO,29105,520,Laclede County
MO,29107,530,Lafayette County
MO,29109,540,Lawrence County
MO,29111,541,Lewis County
MO,29113,560,Lincoln County
MO,29115,570,Linn County
MO,29117,580,Livingston County
MO,29119,,McDonald County
MO,29121,600,Macon County
MO,29123,601,Madison County
MO,29125,620,Maries County
MO,29127,630,Marion County
MO,29129,631,Mercer County
MO,29131,650,Miller County
MO,29133,660,Mississippi County
MO,29135,670,Moniteau County
MO,29137,680,Monroe County
MO,29139,690,Montgomery County
MO,29141,700,Morgan County
MO,29143,710,New Madrid County
MO,29145,720,Newton County
MO,29147,730,Nodaway County
MO,29149,740,Oregon County
MO,29151,750,Osage County
MO,29153,751,Ozark County
MO,29155,770,Pemiscot County
MO,29157,780,Perry County
MO,29159,790,Pettis County
MO,29161,800,Phelps County
MO,29163,810,Pike County
MO,29165,820,Platte County
MO,29167,821,Polk County
MO,29169,840,Pulaski County
MO,29171,850,Putnam County
MO,29173,860,Ralls County
MO,29175,870,Randolph County
MO,29177,880,Ray County
MO,29179,881,Reynolds County
MO,29181,900,Ripley County
MO,29183,910,St. Charles County
MO,29185,911,St. Clair County
MO,29186,960,Ste. Genevieve County
MO,29187,930,St. Francois County
MO,29189,940,St. Louis County
MO,29195,970,Saline County
MO,29197,980,Schuyler County
MO,29199,981,Scotland County
MO,29201,982,Scott County
MO,29203,983,Shannon County
MO,29205,984,Shelby County
MO,29207,985,Stoddard County
MO,29209,986,Stone County
MO,29211,987,Sullivan County
MO,29213,988,Taney County
MO,29215,989,Texas County
MO,29217,990,Vernon County
MO,29219,991,Warren County
MO,29221,992,Washington County
MO,29223,993,Wayne County
MO,29225,994,Webster County
MO,29227,995,Worth County
MO,29229,996,Wright County
MO,29510,,St. Louis city
MT,30001,000,Beaverhead County
MT,30003,010,Big Horn County
MT,30005,020,Blaine County
MT,30007,,Broadwater County
MT,30009,040,Carbon County
MT,30011,050,Carter County
MT,30013,060,Cascade County
MT,30015,070,Chouteau County
MT,30017,080,Custer County
MT,30019,090,Daniels County
MT,30021,100,Dawson County
MT,30023,110,Deer Lodge County
MT,30025,120,Fallon County
MT,30027,130,Fergus County
MT,30029,140,Flathead County
MT,30031,150,Gallatin County
MT,30033,160,Garfield County
MT,30035,170,Glacier County
MT,30037,,Golden Valley County
MT,30039,,Granite County
MT,30041,200,Hill County
MT,30043,210,Jefferson County
MT,30045,,Judith Basin County
MT,30047,230,Lake County
MT,30049,240,Lewis and Clark County
MT,30051,,Liberty County
MT,30053,260,Lincoln County
MT,30055,,McCone County
MT,30057,280,Madison County
MT,30059,,Meagher County
MT,30061,,Mineral County
MT,30063,310,Missoula County
MT,30065,,Musselshell County
MT,30067,330,Park County
MT,30069,,Petroleum County
MT,30071,350,Phillips County
MT,30073,360,Pondera County
MT,30075,370,Powder River County
MT,30077,380,Powell County
MT,30079,,Prairie County
MT,30081,400,Ravalli County
MT,30083,410,Richland County
MT,30085,420,Roosevelt County
MT,30087,430,Rosebud County
MT,30089,440,Sanders County
MT,30091,450,Sheridan County
MT,30093,460,Silver Bow County
MT,30095,470,Stillwater County
MT,30097,480,Sweet Grass County
MT,30099,490,Teton County
MT,30101,500,Toole County
MT,30103,,Treasure County
MT,30105,520,Valley County
MT,30107,,Wheatland County
MT,30109,540,Wibaux County
MT,30111,550,Yellowstone County
NE,31001,000,Adams County
NE,31003,010,Antelope County
NE,31005,,Arthur County
NE,31007,,Banner County
NE,31009,,Blaine County
NE,31011,050,Boone County
NE,31013,060,Box Butte County
NE,31015,070,Boyd County
NE,31017,080,Brown County
NE,31019,090,Buffalo County
NE,31021,100,Burt County
NE,31023,110,Butler County
NE,31025,120,Cass County
NE,31027,130,Cedar County
NE,31029,140,Chase County
NE,31031,150,Cherry County
NE,31033,160,Cheyenne County
NE,31035,170,Clay County
NE,31037,180,Colfax County
NE,31039,190,Cuming County
NE,31041,200,Custer County
NE,31043,210,Dakota County
NE,31045,220,Dawes County
NE,31047,230,Dawson County
NE,31049,240,Deuel County
NE,31051,250,Dixon County
NE,31053,260,Dodge County
NE,31055,270,Douglas County
NE,31057,280,Dundy County
NE,31059,290,Fillmore County
NE,31061,300,Franklin County
NE,31063,,Frontier County
NE,31065,320,Furnas County
NE,31067,330,Gage County
NE,31069,340,Garden County
NE,31071,350,Garfield County
NE,31073,360,Gosper County
NE,31075,,Grant County
NE,31077,380,Greeley County
NE,31079,390,Hall County
NE,31081,400,Hamilton County
NE,31083,410,Harlan County
NE,31085,,Hayes County
NE,31087,430,Hitchcock County
NE,31089,440,Holt County
NE,31091,450,Hooker County
NE,31093,460,Howard County
NE,31095,470,Jefferson County
NE,31097,480,Johnson County
NE,31099,490,Kearney County
NE,31101,500,Keith County
NE,31103,,Keya Paha County
NE,31105,520,Kimball County
NE,31107,530,Knox County
NE,31109,540,Lancaster County
NE,31111,550,Lincoln County
NE,31113,,Logan County
NE,31115,,Loup County
NE,31117,,McPherson County
NE,31119,590,Madison County
NE,31121,600,Merrick County
NE,31123,610,Morrill County
NE,31125,620,Nance County
NE,31127,630,Nemaha County
NE,31129,640,Nuckolls County
NE,31131,650,Otoe County
NE,31133,660,Pawnee County
NE,31135,670,Perkins County
NE,31137,680,Phelps County
NE,31139,690,Pierce County
NE,31141,700,Platte County
NE,31143,710,Polk County
NE,31145,720,Red Willow County
NE,31147,730,Richardson County
NE,31149,740,Rock County
NE,31151,750,Saline County
NE,31153,760,Sarpy County
NE,31155,770,Saunders County
NE,31157,,Scotts Bluff County
NE,31159,790,Seward County
NE,31161,800,Sheridan County
NE,31163,810,Sherman County
NE,31165,,Sioux County
NE,31167,830,Stanton County
NE,31169,840,Thayer County
NE,31171,,Thomas County
NE,31173,860,Thurston County
NE,31175,870,Valley County
NE,31177,880,Washington County
NE,31179,890,Wayne County
NE,31181,900,Webster County
NE,31183,,Wheeler County
NE,31185,920,York County
NV,32001,000,Churchill County
NV,32003,010,Clark County
NV,32005,020,Douglas County
NV,32007,030,Elko County
NV,32009,,Esmeralda County
NV,32011,,Eureka County
NV,32013,060,Humboldt County
NV,32015,070,Lander County
NV,32017,080,Lincoln County
NV,32019,090,Lyon County
NV,32021,100,Mineral County
NV,32023,110,Nye County
NV,32027,130,Pershing County
NV,32029,,Storey County
NV,32031,150,Washoe County
NV,32033,160,White Pine County
NV,32510,,Carson City
NH,33001,000,Belknap County
NH,33003,010,Carroll County
NH,33005,020,Cheshire County
NH,33007,030,Coos County
NH,33009,040,Grafton County
NH,33011,050,Hillsborough County
NH,33013,060,Merrimack County
NH,33015,070,Rockingham County
NH,33017,080,Strafford County
NH,33019,090,Sullivan County
NJ,34001,000,Atlantic County
NJ,34003,100,Bergen County
NJ,34005,150,Burlington County
NJ,34007,160,Camden County
NJ,34009,180,Cape May County
NJ,34011,190,Cumberland County
NJ,34013,200,Essex County
NJ,34015,220,Gloucester County
NJ,34017,230,Hudson County
NJ,34019,250,Hunterdon County
NJ,34021,260,Mercer County
NJ,34023,270,Middlesex County
NJ,34025,290,Monmouth County
NJ,34027,300,Morris County
NJ,34029,310,Ocean County
NJ,34031,320,Passaic County
NJ,34033,340,Salem County
NJ,34035,350,Somerset County
NJ,34037,360,Sussex County
NJ,34039,370,Union County
NJ,34041,390,Warren County
NM,35001,000,Bernalillo County
NM,35003,,Catron County
NM,35005,020,Chaves County
NM,35006,025,Cibola County
NM,35007,030,Colfax County
NM,35009,040,Curry County
NM,35011,,De Baca County
NM,35013,,Doa Ana County
NM,35015,070,Eddy County
NM,35017,080,Grant County
NM,35019,,Guadalupe County
NM,35021,,Harding County
NM,35023,110,Hidalgo County
NM,35025,120,Lea County
NM,35027,,Lincoln County
NM,35028,131,Los Alamos County
NM,35029,140,Luna County
NM,35031,150,McKinley County
NM,35033,,Mora County
NM,35035,170,Otero County
NM,35037,,Quay County
NM,35039,190,Rio Arriba County
NM,35041,200,Roosevelt County
NM,35043,210,Sandoval County
NM,35045,220,San Juan County
NM,35047,230,San Miguel County
NM,35049,240,Santa Fe County
NM,35051,250,Sierra County
NM,35053,260,Socorro County
NM,35055,270,Taos County
NM,35057,,Torrance County
NM,35059,290,Union County
NM,35061,300,Valencia County
NY,36001,000,Albany County
NY,36003,010,Allegany County
NY,36005,020,Bronx County
NY,36007,030,Broome County
NY,36009,040,Cattaraugus County
NY,36011,050,Cayuga County
NY,36013,060,Chautauqua County
NY,36015,070,Chemung County
NY,36017,080,Chenango County
NY,36019,090,Clinton County
NY,36021,200,Columbia County
NY,36023,210,Cortland County
NY,36025,220,Delaware County
NY,36027,230,Dutchess County
NY,36029,240,Erie County
NY,36031,260,Essex County
NY,36033,270,Franklin County
NY,36035,280,Fulton County
NY,36037,290,Genesee County
NY,36039,300,Greene County
NY,36041,,Hamilton County
NY,36043,320,Herkimer County
NY,36045,330,Jefferson County
NY,36047,331,Kings County
NY,36049,340,Lewis County
NY,36051,350,Livingston County
NY,36053,360,Madison County
NY,36055,370,Monroe County
NY,36057,380,Montgomery County
NY,36059,400,Nassau County
NY,36061,420,New York County
NY,36063,500,Niagara County
NY,36065,510,Oneida County
NY,36067,520,Onondaga County
NY,36069,530,Ontario County
NY,36071,540,Orange County
NY,36073,550,Orleans County
NY,36075,560,Oswego County
NY,36077,570,Otsego County
NY,36079,580,Putnam County
NY,36081,590,Queens County
NY,36083,600,Rensselaer County
NY,36085,610,Richmond County
NY,36087,620,Rockland County
NY,36089,630,St. Lawrence County
NY,36091,640,Saratoga County
NY,36093,650,Schenectady County
NY,36095,,Schoharie County
NY,36097,670,Schuyler County
NY,36099,680,Seneca County
NY,36101,690,Steuben County
NY,36103,700,Suffolk County
NY,36105,710,Sullivan County
NY,36107,720,Tioga County
NY,36109,730,Tompkins County
NY,36111,740,Ulster County
NY,36113,750,Warren County
NY,36115,760,Washington County
NY,36117,770,Wayne County
NY,36119,800,Westchester County
NY,36121,900,Wyoming County
NY,36123,910,Yates County
NC,37001,000,Alamance County
NC,37003,010,Alexander County
NC,37005,020,Alleghany County
NC,37007,030,Anson County
NC,37009,040,Ashe County
NC,37011,050,Avery County
NC,37013,060,Beaufort County
NC,37015,070,Bertie County
NC,37017,080,Bladen County
NC,37019,090,Brunswick County
NC,37021,100,Buncombe County
NC,37023,110,Burke County
NC,37025,120,Cabarrus County
NC,37027,130,Caldwell County
NC,37029,,Camden County
NC,37031,150,Carteret County
NC,37033,160,Caswell County
NC,37035,170,Catawba County
NC,37037,180,Chatham County
NC,37039,190,Cherokee County
NC,37041,200,Chowan County
NC,37043,210,Clay County
NC,37045,220,Cleveland County
NC,37047,230,Columbus County
NC,37049,240,Craven County
NC,37051,250,Cumberland County
NC,37053,251,Currituck County
NC,37055,270,Dare County
NC,37057,280,Davidson County
NC,37059,290,Davie County
NC,37061,300,Duplin County
NC,37063,310,Durham County
NC,37065,320,Edgecombe County
NC,37067,330,Forsyth County
NC,37069,340,Franklin County
NC,37071,350,Gaston County
NC,37073,360,Gates County
NC,37075,370,Graham County
NC,37077,380,Granville County
NC,37079,390,Greene County
NC,37081,400,Guilford County
NC,37083,410,Halifax County
NC,37085,420,Harnett County
NC,37087,430,Haywood County
NC,37089,440,Henderson County
NC,37091,450,Hertford County
NC,37093,460,Hoke County
NC,37095,470,Hyde County
NC,37097,480,Iredell County
NC,37099,490,Jackson County
NC,37101,500,Johnston County
NC,37103,510,Jones County
NC,37105,520,Lee County
NC,37107,530,Lenoir County
NC,37109,540,Lincoln County
NC,37111,,McDowell County
NC,37113,560,Macon County
NC,37115,570,Madison County
NC,37117,580,Martin County
NC,37119,590,Mecklenburg County
NC,37121,600,Mitchell County
NC,37123,610,Montgomery County
NC,37125,620,Moore County
NC,37127,630,Nash County
NC,37129,640,New Hanover County
NC,37131,650,Northampton County
NC,37133,660,Onslow County
NC,37135,670,Orange County
NC,37137,680,Pamlico County
NC,37139,690,Pasquotank County
NC,37141,700,Pender County
NC,37143,710,Perquimans County
NC,37145,720,Person County
NC,37147,730,Pitt County
NC,37149,740,Polk County
NC,37151,750,Randolph County
NC,37153,760,Richmond County
NC,37155,770,Robeson County
NC,37157,780,Rockingham County
NC,37159,790,Rowan County
NC,37161,800,Rutherford County
NC,37163,810,Sampson County
NC,37165,820,Scotland County
NC,37167,830,Stanly County
NC,37169,840,Stokes County
NC,37171,850,Surry County
NC,37173,860,Swain County
NC,37175,870,Transylvania County
NC,37177,,Tyrrell County
NC,37179,890,Union County
NC,37181,900,Vance County
NC,37183,910,Wake County
NC,37185,920,Warren County
NC,37187,930,Washington County
NC,37189,940,Watauga County
NC,37191,950,Wayne County
NC,37193,960,Wilkes County
NC,37195,970,Wilson County
NC,37197,980,Yadkin County
NC,37199,981,Yancey County
ND,38001,000,Adams County
ND,38003,010,Barnes County
ND,38005,,Benson County
ND,38007,,Billings County
ND,38009,040,Bottineau County
ND,38011,050,Bowman County
ND,38013,,Burke County
ND,38015,070,Burleigh County
ND,38017,080,Cass County
ND,38019,090,Cavalier County
ND,38021,100,Dickey County
ND,38023,110,Divide County
ND,38025,120,Dunn County
ND,38027,130,Eddy County
ND,38029,140,Emmons County
ND,38031,150,Foster County
ND,38033,,Golden Valley County
ND,38035,170,Grand Forks County
ND,38037,,Grant County
ND,38039,190,Griggs County
ND,38041,200,Hettinger County
ND,38043,,Kidder County
ND,38045,,LaMoure County
ND,38047,230,Logan County
ND,38049,240,McHenry County
ND,38051,250,McIntosh County
ND,38053,260,McKenzie County
ND,38055,270,McLean County
ND,38057,280,Mercer County
ND,38059,290,Morton County
ND,38061,300,Mountrail County
ND,38063,310,Nelson County
ND,38065,,Oliver County
ND,38067,330,Pembina County
ND,38069,340,Pierce County
ND,38071,350,Ramsey County
ND,38073,360,Ransom County
ND,38075,370,Renville County
ND,38077,380,Richland County
ND,38079,390,Rolette County
ND,38081,400,Sargent County
ND,38083,,Sheridan County
ND,38085,,Sioux County
ND,38087,,Slope County
ND,38089,440,Stark County
ND,38091,,Steele County
ND,38093,460,Stutsman County
ND,38095,470,Towner County
ND,38097,480,Traill County
ND,38099,490,Walsh County
ND,38101,500,Ward County
ND,38103,510,Wells County
ND,38105,520,Williams County
OH,39001,000,Adams County
OH,39003,010,Allen County
OH,39005,020,Ashland County
OH,39007,030,Ashtabula County
OH,39009,040,Athens County
OH,39011,050,Auglaize County
OH,39013,060,Belmont County
OH,39015,070,Brown County
OH,39017,080,Butler County
OH,39019,090,Carroll County
OH,39021,100,Champaign County
OH,39023,110,Clark County
OH,39025,120,Clermont County
OH,39027,130,Clinton County
OH,39029,140,Columbiana County
OH,39031,150,Coshocton County
OH,39033,160,Crawford County
OH,39035,170,Cuyahoga County
OH,39037,190,Darke County
OH,39039,200,Defiance County
OH,39041,210,Delaware County
OH,39043,220,Erie County
OH,39045,230,Fairfield County
OH,39047,240,Fayette County
OH,39049,250,Franklin County
OH,39051,260,Fulton County
OH,39053,270,Gallia County
OH,39055,280,Geauga County
OH,39057,290,Greene County
OH,39059,300,Guernsey County
OH,39061,310,Hamilton County
OH,39063,330,Hancock County
OH,39065,340,Hardin County
OH,39067,350,Harrison County
OH,39069,360,Henry County
OH,39071,370,Highland County
OH,39073,380,Hocking County
OH,39075,390,Holmes County
OH,39077,400,Huron County
OH,39079,410,Jackson County
OH,39081,420,Jefferson County
OH,39083,430,Knox County
OH,39085,440,Lake County
OH,39087,450,Lawrence County
OH,39089,460,Licking County
OH,39091,470,Logan County
OH,39093,480,Lorain County
OH,39095,490,Lucas County
OH,39097,500,Madison County
OH,39099,510,Mahoning County
OH,39101,520,Marion County
OH,39103,530,Medina County
OH,39105,540,Meigs County
OH,39107,550,Mercer County
OH,39109,560,Miami County
OH,39111,570,Monroe County
OH,39113,580,Montgomery County
OH,39115,590,Morgan County
OH,39117,600,Morrow County
OH,39119,610,Muskingum County
OH,39121,620,Noble County
OH,39123,630,Ottawa County
OH,39125,640,Paulding County
OH,39127,650,Perry County
OH,39129,660,Pickaway County
OH,39131,670,Pike County
OH,39133,680,Portage County
OH,39135,690,Preble County
OH,39137,700,Putnam County
OH,39139,710,Richland County
OH,39141,720,Ross County
OH,39143,730,Sandusky County
OH,39145,740,Scioto County
OH,39147,750,Seneca County
OH,39149,760,Shelby County
OH,39151,770,Stark County
OH,39153,780,Summit County
OH,39155,790,Trumbull County
OH,39157,800,Tuscarawas County
OH,39159,810,Union County
OH,39161,820,Van Wert County
OH,39163,830,Vinton County
OH,39165,840,Warren County
OH,39167,850,Washington County
OH,39169,860,Wayne County
OH,39171,870,Williams County
OH,39173,880,Wood County
OH,39175,890,Wyandot County
OK,40001,000,Adair County
OK,40003,010,Alfalfa County
OK,40005,020,Atoka County
OK,40007,030,Beaver County
OK,40009,040,Beckham County
OK,40011,050,Blaine County
OK,40013,060,Bryan County
OK,40015,070,Caddo County
OK,40017,080,Canadian County
OK,40019,090,Carter County
OK,40021,100,Cherokee County
OK,40023,110,Choctaw County
OK,40025,,Cimarron County
OK,40027,130,Cleveland County
OK,40029,140,Coal County
OK,40031,150,Comanche County
OK,40033,160,Cotton County
OK,40035,170,Craig County
OK,40037,180,Creek County
OK,40039,190,Custer County
OK,40041,200,Delaware County
OK,40043,210,Dewey County
OK,40045,220,Ellis County
OK,40047,230,Garfield County
OK,40049,240,Garvin County
OK,40051,250,Grady County
OK,40053,260,Grant County
OK,40055,270,Greer County
OK,40057,280,Harmon County
OK,40059,290,Harper County
OK,40061,300,Haskell County
OK,40063,310,Hughes County
OK,40065,320,Jackson County
OK,40067,330,Jefferson County
OK,40069,340,Johnston County
OK,40071,350,Kay County
OK,40073,360,Kingfisher County
OK,40075,370,Kiowa County
OK,40077,380,Latimer County
OK,40079,390,Le Flore County
OK,40081,400,Lincoln County
OK,40083,410,Logan County
OK,40085,420,Love County
OK,40087,430,McClain County
OK,40089,440,McCurtain County
OK,40091,450,McIntosh County
OK,40093,460,Major County
OK,40095,470,Marshall County
OK,40097,480,Mayes County
OK,40099,490,Murray County
OK,40101,500,Muskogee County
OK,40103,510,Noble County
OK,40105,520,Nowata County
OK,40107,530,Okfuskee County
OK,40109,540,Oklahoma County
OK,40111,550,Okmulgee County
OK,40113,560,Osage County
OK,40115,570,Ottawa County
OK,40117,580,Pawnee County
OK,40119,590,Payne County
OK,40121,600,Pittsburg County
OK,40123,610,Pontotoc County
OK,40125,620,Pottawatomie County
OK,40127,630,Pushmataha County
OK,40129,,Roger Mills County
OK,40131,650,Rogers County
OK,40133,660,Seminole County
OK,40135,670,Sequoyah County
OK,40137,680,Stephens County
OK,40139,690,Texas County
OK,40141,700,Tillman County
OK,40143,710,Tulsa County
OK,40145,720,Wagoner County
OK,40147,730,Washington County
OK,40149,740,Washita County
OK,40151,750,Woods County
OK,40153,760,Woodward County
OR,41001,000,Baker County
OR,41003,010,Benton County
OR,41005,020,Clackamas County
OR,41007,030,Clatsop County
OR,41009,040,Columbia County
OR,41011,050,Coos County
OR,41013,060,Crook County
OR,41015,070,Curry County
OR,41017,080,Deschutes County
OR,41019,090,Douglas County
OR,41021,,Gilliam County
OR,41023,110,Grant County
OR,41025,,Harney County
OR,41027,130,Hood River County
OR,41029,140,Jackson County
OR,41031,150,Jefferson County
OR,41033,160,Josephine County
OR,41035,170,Klamath County
OR,41037,180,Lake County
OR,41039,190,Lane County
OR,41041,200,Lincoln County
OR,41043,210,Linn County
OR,41045,220,Malheur County
OR,41047,230,Marion County
OR,41049,,Morrow County
OR,41051,250,Multnomah County
OR,41053,260,Polk County
OR,41055,,Sherman County
OR,41057,280,Tillamook County
OR,41059,290,Umatilla County
OR,41061,300,Union County
OR,41063,,Wallowa County
OR,41065,320,Wasco County
OR,41067,330,Washington County
OR,41069,,Wheeler County
OR,41071,350,Yamhill County
PA,42001,000,Adams County
PA,42003,010,Allegheny County
PA,42005,070,Armstrong County
PA,42007,080,Beaver County
PA,42009,100,Bedford County
PA,42011,110,Berks County
PA,42013,120,Blair County
PA,42015,130,Bradford County
PA,42017,140,Bucks County
PA,42019,150,Butler County
PA,42021,160,Cambria County
PA,42023,180,Cameron County
PA,42025,190,Carbon County
PA,42027,200,Centre County
PA,42029,210,Chester County
PA,42031,220,Clarion County
PA,42033,230,Clearfield County
PA,42035,240,Clinton County
PA,42037,250,Columbia County
PA,42039,260,Crawford County
PA,42041,270,Cumberland County
PA,42043,280,Dauphin County
PA,42045,290,Delaware County
PA,42047,310,Elk County
PA,42049,320,Erie County
PA,42051,330,Fayette County
PA,42053,340,Forest County
PA,42055,350,Franklin County
PA,42057,360,Fulton County
PA,42059,370,Greene County
PA,42061,380,Huntingdon County
PA,42063,390,Indiana County
PA,42065,400,Jefferson County
PA,42067,410,Juniata County
PA,42069,420,Lackawanna County
PA,42071,440,Lancaster County
PA,42073,450,Lawrence County
PA,42075,460,Lebanon County
PA,42077,470,Lehigh County
PA,42079,480,Luzerne County
PA,42081,510,Lycoming County
PA,42083,,McKean County
PA,42085,530,Mercer County
PA,42087,540,Mifflin County
PA,42089,550,Monroe County
PA,42091,560,Montgomery County
PA,42093,580,Montour County
PA,42095,590,Northampton County
PA,42097,,Northumberland County
PA,42099,610,Perry County
PA,42101,620,Philadelphia County
PA,42103,630,Pike County
PA,42105,640,Potter County
PA,42107,650,Schuylkill County
PA,42109,670,Snyder County
PA,42111,680,Somerset County
PA,42113,690,Sullivan County
PA,42115,700,Susquehanna County
PA,42117,710,Tioga County
PA,42119,720,Union County
PA,42121,730,Venango County
PA,42123,740,Warren County
PA,42125,750,Washington County
PA,42127,760,Wayne County
PA,42129,770,Westmoreland County
PA,42131,790,Wyoming County
PA,42133,800,York County
RI,44001,000,Bristol County
RI,44003,010,Kent County
RI,44005,020,Newport County
RI,44007,030,Providence County
RI,44009,050,Washington County
SC,45001,000,Abbeville County
SC,45003,010,Aiken County
SC,45005,020,Allendale County
SC,45007,030,Anderson County
SC,45009,040,Bamberg County
SC,45011,050,Barnwell County
SC,45013,060,Beaufort County
SC,45015,070,Berkeley County
SC,45017,080,Calhoun County
SC,45019,090,Charleston County
SC,45021,100,Cherokee County
SC,45023,110,Chester County
SC,45025,120,Chesterfield County
SC,45027,130,Clarendon County
SC,45029,140,Colleton County
SC,45031,150,Darlington County
SC,45033,160,Dillon County
SC,45035,170,Dorchester County
SC,45037,180,Edgefield County
SC,45039,190,Fairfield County
SC,45041,200,Florence County
SC,45043,210,Georgetown County
SC,45045,220,Greenville County
SC,45047,230,Greenwood County
SC,45049,240,Hampton County
SC,45051,250,Horry County
SC,45053,,Jasper County
SC,45055,270,Kershaw County
SC,45057,280,Lancaster County
SC,45059,290,Laurens County
SC,45061,300,Lee County
SC,45063,310,Lexington County
SC,45065,320,McCormick County
SC,45067,330,Marion County
SC,45069,340,Marlboro County
SC,45071,350,Newberry County
SC,45073,360,Oconee County
SC,45075,370,Orangeburg County
SC,45077,380,Pickens County
SC,45079,390,Richland County
SC,45081,400,Saluda County
SC,45083,410,Spartanburg County
SC,45085,420,Sumter County
SC,45087,430,Union County
SC,45089,440,Williamsburg County
SC,45091,450,York County
SD,46003,010,Aurora County
SD,46005,020,Beadle County
SD,46007,030,Bennett County
SD,46009,040,Bon Homme County
SD,46011,050,Brookings County
SD,46013,060,Brown County
SD,46015,070,Brule County
SD,46017,,Buffalo County
SD,46019,090,Butte County
SD,46021,,Campbell County
SD,46023,110,Charles Mix County
SD,46025,120,Clark County
SD,46027,130,Clay County
SD,46029,140,Codington County
SD,46031,,Corson County
SD,46033,160,Custer County
SD,46035,170,Davison County
SD,46037,180,Day County
SD,46039,190,Deuel County
SD,46041,,Dewey County
SD,46043,210,Douglas County
SD,46045,220,Edmunds County
SD,46047,230,Fall River County
SD,46049,240,Faulk County
SD,46051,250,Grant County
SD,46053,260,Gregory County
SD,46055,270,Haakon County
SD,46057,280,Hamlin County
SD,46059,290,Hand County
SD,46061,,Hanson County
SD,46063,,Harding County
SD,46065,320,Hughes County
SD,46067,330,Hutchinson County
SD,46069,340,Hyde County
SD,46071,350,Jackson County
SD,46073,360,Jerauld County
SD,46075,,Jones County
SD,46077,380,Kingsbury County
SD,46079,390,Lake County
SD,46081,400,Lawrence County
SD,46083,410,Lincoln County
SD,46085,,Lyman County
SD,46087,,McCook County
SD,46089,,McPherson County
SD,46091,450,Marshall County
SD,46093,460,Meade County
SD,46095,470,Mellette County
SD,46097,480,Miner County
SD,46099,490,Minnehaha County
SD,46101,500,Moody County
SD,46103,510,Pennington County
SD,46105,520,Perkins County
SD,46107,530,Potter County
SD,46109,540,Roberts County
SD,46111,550,Sanborn County
SD,46113,,Shannon County
SD,46115,570,Spink County
SD,46117,,Stanley County
SD,46119,,Sully County
SD,46121,,Todd County
SD,46123,610,Tripp County
SD,46125,620,Turner County
SD,46127,630,Union County
SD,46129,640,Walworth County
SD,46135,670,Yankton County
SD,46137,,Ziebach County
TN,47001,000,Anderson County
TN,47003,010,Bedford County
TN,47005,020,Benton County
TN,47007,030,Bledsoe County
TN,47009,040,Blount County
TN,47011,050,Bradley County
TN,47013,060,Campbell County
TN,47015,070,Cannon County
TN,47017,080,Carroll County
TN,47019,090,Carter County
TN,47021,100,Cheatham County
TN,47023,110,Chester County
TN,47025,120,Claiborne County
TN,47027,130,Clay County
TN,47029,140,Cocke County
TN,47031,150,Coffee County
TN,47033,160,Crockett County
TN,47035,170,Cumberland County
TN,47037,180,Davidson County
TN,47039,190,Decatur County
TN,47041,,DeKalb County
TN,47043,210,Dickson County
TN,47045,220,Dyer County
TN,47047,230,Fayette County
TN,47049,240,Fentress County
TN,47051,250,Franklin County
TN,47053,260,Gibson County
TN,47055,270,Giles County
TN,47057,280,Grainger County
TN,47059,290,Greene County
TN,47061,300,Grundy County
TN,47063,310,Hamblen County
TN,47065,320,Hamilton County
TN,47067,330,Hancock County
TN,47069,340,Hardeman County
TN,47071,350,Hardin County
TN,47073,360,Hawkins County
TN,47075,370,Haywood County
TN,47077,380,Henderson County
TN,47079,390,Henry County
TN,47081,400,Hickman County
TN,47083,410,Houston County
TN,47085,420,Humphreys County
TN,47087,430,Jackson County
TN,47089,440,Jefferson County
TN,47091,450,Johnson County
TN,47093,460,Knox County
TN,47095,470,Lake County
TN,47097,480,Lauderdale County
TN,47099,490,Lawrence County
TN,47101,500,Lewis County
TN,47103,510,Lincoln County
TN,47105,520,Loudon County
TN,47107,,McMinn County
TN,47109,,McNairy County
TN,47111,550,Macon County
TN,47113,560,Madison County
TN,47115,570,Marion County
TN,47117,580,Marshall County
TN,47119,590,Maury County
TN,47121,600,Meigs County
TN,47123,610,Monroe County
TN,47125,620,Montgomery County
TN,47127,630,Moore County
TN,47129,640,Morgan County
TN,47131,650,Obion County
TN,47133,660,Overton County
TN,47135,670,Perry County
TN,47137,680,Pickett County
TN,47139,690,Polk County
TN,47141,700,Putnam County
TN,47143,710,Rhea County
TN,47145,720,Roane County
TN,47147,730,Robertson County
TN,47149,740,Rutherford County
TN,47151,750,Scott County
TN,47153,760,Sequatchie County
TN,47155,770,Sevier County
TN,47157,780,Shelby County
TN,47159,790,Smith County
TN,47161,800,Stewart County
TN,47163,810,Sullivan County
TN,47165,820,Sumner County
TN,47167,830,Tipton County
TN,47169,840,Trousdale County
TN,47171,850,Unicoi County
TN,47173,860,Union County
TN,47175,870,Van Buren County
TN,47177,880,Warren County
TN,47179,890,Washington County
TN,47181,900,Wayne County
TN,47183,910,Weakley County
TN,47185,920,White County
TN,47187,930,Williamson County
TN,47189,940,Wilson County
TX,48001,000,Anderson County
TX,48003,010,Andrews County
TX,48005,020,Angelina County
TX,48007,030,Aransas County
TX,48009,040,Archer County
TX,48011,050,Armstrong County
TX,48013,060,Atascosa County
TX,48015,070,Austin County
TX,48017,080,Bailey County
TX,48019,090,Bandera County
TX,48021,100,Bastrop County
TX,48023,110,Baylor County
TX,48025,113,Bee County
TX,48027,120,Bell County
TX,48029,130,Bexar County
TX,48031,140,Blanco County
TX,48033,,Borden County
TX,48035,160,Bosque County
TX,48037,170,Bowie County
TX,48039,180,Brazoria County
TX,48041,190,Brazos County
TX,48043,,Brewster County
TX,48045,,Briscoe County
TX,48047,210,Brooks County
TX,48049,220,Brown County
TX,48051,221,Burleson County
TX,48053,222,Burnet County
TX,48055,223,Caldwell County
TX,48057,224,Calhoun County
TX,48059,230,Callahan County
TX,48061,240,Cameron County
TX,48063,250,Camp County
TX,48065,,Carson County
TX,48067,260,Cass County
TX,48069,270,Castro County
TX,48071,280,Chambers County
TX,48073,281,Cherokee County
TX,48075,290,Childress County
TX,48077,291,Clay County
TX,48079,,Cochran County
TX,48081,300,Coke County
TX,48083,301,Coleman County
TX,48085,310,Collin County
TX,48087,311,Collingsworth County
TX,48089,312,Colorado County
TX,48091,320,Comal County
TX,48093,321,Comanche County
TX,48095,330,Concho County
TX,48097,340,Cooke County
TX,48099,341,Coryell County
TX,48101,350,Cottle County
TX,48103,360,Crane County
TX,48105,361,Crockett County
TX,48107,362,Crosby County
TX,48109,,Culberson County
TX,48111,380,Dallam County
TX,48113,390,Dallas County
TX,48115,391,Dawson County
TX,48117,392,Deaf Smith County
TX,48119,400,Delta County
TX,48121,410,Denton County
TX,48123,,DeWitt County
TX,48125,,Dickens County
TX,48127,430,Dimmit County
TX,48129,431,Donley County
TX,48131,440,Duval County
TX,48133,450,Eastland County
TX,48135,451,Ector County
TX,48137,,Edwards County
TX,48139,470,Ellis County
TX,48141,480,El Paso County
TX,48143,490,Erath County
TX,48145,500,Falls County
TX,48147,510,Fannin County
TX,48149,511,Fayette County
TX,48151,,Fisher County
TX,48153,521,Floyd County
TX,48155,522,Foard County
TX,48157,530,Fort Bend County
TX,48159,531,Franklin County
TX,48161,540,Freestone County
TX,48163,541,Frio County
TX,48165,542,Gaines County
TX,48167,550,Galveston County
TX,48169,551,Garza County
TX,48171,552,Gillespie County
TX,48173,,Glasscock County
TX,48175,561,Goliad County
TX,48177,562,Gonzales County
TX,48179,563,Gray County
TX,48181,564,Grayson County
TX,48183,570,Gregg County
TX,48185,580,Grimes County
TX,48187,581,Guadalupe County
TX,48189,582,Hale County
TX,48191,583,Hall County
TX,48193,590,Hamilton County
TX,48195,591,Hansford County
TX,48197,,Hardeman County
TX,48199,600,Hardin County
TX,48201,610,Harris County
TX,48203,620,Harrison County
TX,48205,,Hartley County
TX,48207,630,Haskell County
TX,48209,631,Hays County
TX,48211,632,Hemphill County
TX,48213,640,Henderson County
TX,48215,650,Hidalgo County
TX,48217,651,Hill County
TX,48219,652,Hockley County
TX,48221,653,Hood County
TX,48223,654,Hopkins County
TX,48225,660,Houston County
TX,48227,661,Howard County
TX,48229,,Hudspeth County
TX,48231,670,Hunt County
TX,48233,671,Hutchinson County
TX,48235,,Irion County
TX,48237,680,Jack County
TX,48239,681,Jackson County
TX,48241,690,Jasper County
TX,48243,,Jeff Davis County
TX,48245,700,Jefferson County
TX,48247,710,Jim Hogg County
TX,48249,711,Jim Wells County
TX,48251,720,Johnson County
TX,48253,721,Jones County
TX,48255,722,Karnes County
TX,48257,730,Kaufman County
TX,48259,731,Kendall County
TX,48261,,Kenedy County
TX,48263,733,Kent County
TX,48265,734,Kerr County
TX,48267,740,Kimble County
TX,48269,,King County
TX,48271,,Kinney County
TX,48273,743,Kleberg County
TX,48275,744,Knox County
TX,48277,750,Lamar County
TX,48279,751,Lamb County
TX,48281,752,Lampasas County
TX,48283,753,La Salle County
TX,48285,754,Lavaca County
TX,48287,755,Lee County
TX,48289,756,Leon County
TX,48291,757,Liberty County
TX,48293,758,Limestone County
TX,48295,759,Lipscomb County
TX,48297,760,Live Oak County
TX,48299,761,Llano County
TX,48301,,Loving County
TX,48303,770,Lubbock County
TX,48305,,Lynn County
TX,48307,,McCulloch County
TX,48309,,McLennan County
TX,48311,,McMullen County
TX,48313,782,Madison County
TX,48315,783,Marion County
TX,48317,784,Martin County
TX,48319,,Mason County
TX,48321,790,Matagorda County
TX,48323,791,Maverick County
TX,48325,792,Medina County
TX,48327,793,Menard County
TX,48329,794,Midland County
TX,48331,795,Milam County
TX,48333,796,Mills County
TX,48335,797,Mitchell County
TX,48337,800,Montague County
TX,48339,801,Montgomery County
TX,48341,802,Moore County
TX,48343,803,Morris County
TX,48345,,Motley County
TX,48347,810,Nacogdoches County
TX,48349,820,Navarro County
TX,48351,821,Newton County
TX,48353,822,Nolan County
TX,48355,830,Nueces County
TX,48357,831,Ochiltree County
TX,48359,,Oldham County
TX,48361,840,Orange County
TX,48363,841,Palo Pinto County
TX,48365,842,Panola County
TX,48367,843,Parker County
TX,48369,844,Parmer County
TX,48371,845,Pecos County
TX,48373,850,Polk County
TX,48375,860,Potter County
TX,48377,,Presidio County
TX,48379,870,Rains County
TX,48381,871,Randall County
TX,48383,872,Reagan County
TX,48385,873,Real County
TX,48387,874,Red River County
TX,48389,875,Reeves County
TX,48391,876,Refugio County
TX,48393,,Roberts County
TX,48395,878,Robertson County
TX,48397,879,Rockwall County
TX,48399,880,Runnels County
TX,48401,881,Rusk County
TX,48403,882,Sabine County
TX,48405,883,San Augustine County
TX,48407,884,San Jacinto County
TX,48409,885,San Patricio County
TX,48411,886,San Saba County
TX,48413,887,Schleicher County
TX,48415,888,Scurry County
TX,48417,,Shackelford County
TX,48419,890,Shelby County
TX,48421,891,Sherman County
TX,48423,892,Smith County
TX,48425,893,Somervell County
TX,48427,900,Starr County
TX,48429,901,Stephens County
TX,48431,902,Sterling County
TX,48433,903,Stonewall County
TX,48435,,Sutton County
TX,48437,905,Swisher County
TX,48439,910,Tarrant County
TX,48441,911,Taylor County
TX,48443,,Terrell County
TX,48445,913,Terry County
TX,48447,,Throckmorton County
TX,48449,921,Titus County
TX,48451,930,Tom Green County
TX,48453,940,Travis County
TX,48455,941,Trinity County
TX,48457,942,Tyler County
TX,48459,943,Upshur County
TX,48461,944,Upton County
TX,48463,945,Uvalde County
TX,48465,946,Val Verde County
TX,48467,947,Van Zandt County
TX,48469,948,Victoria County
TX,48471,949,Walker County
TX,48473,950,Waller County
TX,48475,951,Ward County
TX,48477,952,Washington County
TX,48479,953,Webb County
TX,48481,954,Wharton County
TX,48483,955,Wheeler County
TX,48485,960,Wichita County
TX,48487,961,Wilbarger County
TX,48489,962,Willacy County
TX,48491,970,Williamson County
TX,48493,971,Wilson County
TX,48495,,Winkler County
TX,48497,973,Wise County
TX,48499,974,Wood County
TX,48501,980,Yoakum County
TX,48503,981,Young County
TX,48505,982,Zapata County
TX,48507,,Zavala County
UT,49001,,Beaver County
UT,49003,010,Box Elder County
UT,49005,020,Cache County
UT,49007,030,Carbon County
UT,49009,,Daggett County
UT,49011,050,Davis County
UT,49013,060,Duchesne County
UT,49015,070,Emery County
UT,49017,,Garfield County
UT,49019,090,Grand County
UT,49021,100,Iron County
UT,49023,110,Juab County
UT,49025,,Kane County
UT,49027,130,Millard County
UT,49029,,Morgan County
UT,49031,,Piute County
UT,49033,,Rich County
UT,49035,170,Salt Lake County
UT,49037,180,San Juan County
UT,49039,190,Sanpete County
UT,49041,200,Sevier County
UT,49043,,Summit County
UT,49045,220,Tooele County
UT,49047,230,Uintah County
UT,49049,240,Utah County
UT,49051,250,Wasatch County
UT,49053,260,Washington County
UT,49055,,Wayne County
UT,49057,280,Weber County
VT,50001,000,Addison County
VT,50003,010,Bennington County
VT,50005,020,Caledonia County
VT,50007,030,Chittenden County
VT,50009,,Essex County
VT,50011,050,Franklin County
VT,50013,,Grand Isle County
VT,50015,070,Lamoille County
VT,50017,080,Orange County
VT,50019,090,Orleans County
VT,50021,100,Rutland County
VT,50023,110,Washington County
VT,50025,120,Windham County
VT,50027,130,Windsor County
VA,51001,000,Accomack County
VA,51003,010,Albemarle County
VA,51005,211,Alleghany County
VA,51007,030,Amelia County
VA,51009,040,Amherst County
VA,51011,050,Appomattox County
VA,51013,060,Arlington County
VA,51015,070,Augusta County
VA,51017,080,Bath County
VA,51019,,Bedford County
VA,51021,100,Bland County
VA,51023,110,Botetourt County
VA,51025,120,Brunswick County
VA,51027,130,Buchanan County
VA,51029,140,Buckingham County
VA,51031,150,Campbell County
VA,51033,160,Caroline County
VA,51035,170,Carroll County
VA,51036,,Charles City County
VA,51037,190,Charlotte County
VA,51041,200,Chesterfield County
VA,51043,210,Clarke County
VA,51045,,Craig County
VA,51047,230,Culpeper County
VA,51049,,Cumberland County
VA,51051,250,Dickenson County
VA,51053,,Dinwiddie County
VA,51057,280,Essex County
VA,51059,290,Fairfax County
VA,51061,300,Fauquier County
VA,51063,310,Floyd County
VA,51065,320,Fluvanna County
VA,51067,330,Franklin County
VA,51069,340,Frederick County
VA,51071,350,Giles County
VA,51073,360,Gloucester County
VA,51075,370,Goochland County
VA,51077,380,Grayson County
VA,51079,390,Greene County
VA,51081,,Greensville County
VA,51083,410,Halifax County
VA,51085,420,Hanover County
VA,51087,430,Henrico County
VA,51089,440,Henry County
VA,51091,,Highland County
VA,51093,460,Isle of Wight County
VA,51095,470,James City County
VA,51097,,King and Queen County
VA,51099,490,King George County
VA,51101,500,King William County
VA,51103,510,Lancaster County
VA,51105,520,Lee County
VA,51107,530,Loudoun County
VA,51109,540,Louisa County
VA,51111,,Lunenburg County
VA,51113,560,Madison County
VA,51115,570,Mathews County
VA,51117,580,Mecklenburg County
VA,51119,590,Middlesex County
VA,51121,600,Montgomery County
VA,51125,620,Nelson County
VA,51127,,New Kent County
VA,51131,650,Northampton County
VA,51133,,Northumberland County
VA,51135,670,Nottoway County
VA,51137,680,Orange County
VA,51139,690,Page County
VA,51141,700,Patrick County
VA,51143,710,Pittsylvania County
VA,51145,,Powhatan County
VA,51147,730,Prince Edward County
VA,51149,,Prince George County
VA,51153,750,Prince William County
VA,51155,770,Pulaski County
VA,51157,,Rappahannock County
VA,51159,790,Richmond County
VA,51161,800,Roanoke County
VA,51163,,Rockbridge County
VA,51165,820,Rockingham County
VA,51167,830,Russell County
VA,51169,840,Scott County
VA,51171,850,Shenandoah County
VA,51173,860,Smyth County
VA,51175,870,Southampton County
VA,51177,880,Spotsylvania County
VA,51179,890,Stafford County
VA,51181,,Surry County
VA,51183,910,Sussex County
VA,51185,920,Tazewell County
VA,51187,930,Warren County
VA,51191,950,Washington County
VA,51193,960,Westmoreland County
VA,51195,970,Wise County
VA,51197,980,Wythe County
VA,51199,981,York County
VA,51510,,Alexandria city
VA,51515,,Bedford city
VA,51520,,Bristol city
VA,51530,,Buena Vista city
VA,51540,,Charlottesville city
VA,51550,,Chesapeake city
VA,51570,,Colonial Heights city
VA,51580,,Covington city
VA,51590,,Danville city
VA,51595,,Emporia city
VA,51600,,Fairfax city
VA,51610,,Falls Church city
VA,51620,,Franklin city
VA,51630,,Fredericksburg city
VA,51640,,Galax city
VA,51650,,Hampton city
VA,51660,,Harrisonburg city
VA,51670,,Hopewell city
VA,51678,,Lexington city
VA,51680,,Lynchburg city
VA,51683,,Manassas city
VA,51685,,Manassas Park city
VA,51690,,Martinsville city
VA,51700,,Newport News city
VA,51710,,Norfolk city
VA,51720,,Norton city
VA,51730,,Petersburg city
VA,51735,,Poquoson city
VA,51740,,Portsmouth city
VA,51750,,Radford city
VA,51760,,Richmond city
VA,51770,,Roanoke city
VA,51775,,Salem city
VA,51790,,Staunton city
VA,51800,,Suffolk city
VA,51810,,Virginia Beach city
VA,51820,,Waynesboro city
VA,51830,,Williamsburg city
VA,51840,,Winchester city
WA,53001,000,Adams County
WA,53003,010,Asotin County
WA,53005,020,Benton County
WA,53007,030,Chelan County
WA,53009,040,Clallam County
WA,53011,050,Clark County
WA,53013,060,Columbia County
WA,53015,070,Cowlitz County
WA,53017,,Douglas County
WA,53019,,Ferry County
WA,53021,100,Franklin County
WA,53023,,Garfield County
WA,53025,120,Grant County
WA,53027,130,Grays Harbor County
WA,53029,140,Island County
WA,53031,150,Jefferson County
WA,53033,160,King County
WA,53035,170,Kitsap County
WA,53037,180,Kittitas County
WA,53039,,Klickitat County
WA,53041,200,Lewis County
WA,53043,,Lincoln County
WA,53045,220,Mason County
WA,53047,230,Okanogan County
WA,53049,240,Pacific County
WA,53051,250,Pend Oreille County
WA,53053,260,Pierce County
WA,53055,270,San Juan County
WA,53057,280,Skagit County
WA,53059,,Skamania County
WA,53061,300,Snohomish County
WA,53063,310,Spokane County
WA,53065,320,Stevens County
WA,53067,330,Thurston County
WA,53069,,Wahkiakum County
WA,53071,350,Walla Walla County
WA,53073,360,Whatcom County
WA,53075,370,Whitman County
WA,53077,380,Yakima County
WV,54001,000,Barbour County
WV,54003,010,Berkeley County
WV,54005,020,Boone County
WV,54007,030,Braxton County
WV,54009,040,Brooke County
WV,54011,050,Cabell County
WV,54013,060,Calhoun County
WV,54015,070,Clay County
WV,54017,,Doddridge County
WV,54019,090,Fayette County
WV,54021,100,Gilmer County
WV,54023,110,Grant County
WV,54025,120,Greenbrier County
WV,54027,130,Hampshire County
WV,54029,140,Hancock County
WV,54031,150,Hardy County
WV,54033,160,Harrison County
WV,54035,170,Jackson County
WV,54037,180,Jefferson County
WV,54039,190,Kanawha County
WV,54041,200,Lewis County
WV,54043,210,Lincoln County
WV,54045,220,Logan County
WV,54047,,McDowell County
WV,54049,240,Marion County
WV,54051,250,Marshall County
WV,54053,260,Mason County
WV,54055,270,Mercer County
WV,54057,280,Mineral County
WV,54059,,Mingo County
WV,54061,300,Monongalia County
WV,54063,310,Monroe County
WV,54065,320,Morgan County
WV,54067,330,Nicholas County
WV,54069,340,Ohio County
WV,54071,350,Pendleton County
WV,54073,360,Pleasants County
WV,54075,370,Pocahontas County
WV,54077,380,Preston County
WV,54079,390,Putnam County
WV,54081,400,Raleigh County
WV,54083,410,Randolph County
WV,54085,420,Ritchie County
WV,54087,430,Roane County
WV,54089,440,Summers County
WV,54091,450,Taylor County
WV,54093,460,Tucker County
WV,54095,470,Tyler County
WV,54097,480,Upshur County
WV,54099,490,Wayne County
WV,54101,500,Webster County
WV,54103,510,Wetzel County
WV,54105,,Wirt County
WV,54107,530,Wood County
WV,54109,540,Wyoming County
WI,55001,000,Adams County
WI,55003,010,Ashland County
WI,55005,020,Barron County
WI,55007,030,Bayfield County
WI,55009,040,Brown County
WI,55011,050,Buffalo County
WI,55013,060,Burnett County
WI,55015,070,Calumet County
WI,55017,080,Chippewa County
WI,55019,090,Clark County
WI,55021,100,Columbia County
WI,55023,110,Crawford County
WI,55025,120,Dane County
WI,55027,130,Dodge County
WI,55029,140,Door County
WI,55031,150,Douglas County
WI,55033,160,Dunn County
WI,55035,170,Eau Claire County
WI,55037,180,Florence County
WI,55039,190,Fond du Lac County
WI,55041,200,Forest County
WI,55043,210,Grant County
WI,55045,220,Green County
WI,55047,230,Green Lake County
WI,55049,240,Iowa County
WI,55051,250,Iron County
WI,55053,260,Jackson County
WI,55055,270,Jefferson County
WI,55057,280,Juneau County
WI,55059,290,Kenosha County
WI,55061,300,Kewaunee County
WI,55063,310,La Crosse County
WI,55065,320,Lafayette County
WI,55067,330,Langlade County
WI,55069,340,Lincoln County
WI,55071,350,Manitowoc County
WI,55073,360,Marathon County
WI,55075,370,Marinette County
WI,55077,380,Marquette County
WI,55078,,Menominee County
WI,55079,390,Milwaukee County
WI,55081,400,Monroe County
WI,55083,410,Oconto County
WI,55085,420,Oneida County
WI,55087,430,Outagamie County
WI,55089,440,Ozaukee County
WI,55091,450,Pepin County
WI,55093,460,Pierce County
WI,55095,470,Polk County
WI,55097,480,Portage County
WI,55099,490,Price County
WI,55101,500,Racine County
WI,55103,510,Richland County
WI,55105,520,Rock County
WI,55107,530,Rusk County
WI,55109,540,St. Croix County
WI,55111,550,Sauk County
WI,55113,560,Sawyer County
WI,55115,570,Shawano County
WI,55117,580,Sheboygan County
WI,55119,590,Taylor County
WI,55121,600,Trempealeau County
WI,55123,610,Vernon County
WI,55125,,Vilas County
WI,55127,630,Walworth County
WI,55129,640,Washburn County
WI,55131,650,Washington County
WI,55133,660,Waukesha County
WI,55135,670,Waupaca County
WI,55137,680,Waushara County
WI,55139,690,Winnebago County
WI,55141,700,Wood County
WY,56001,000,Albany County
WY,56003,010,Big Horn County
WY,56005,020,Campbell County
WY,56007,030,Carbon County
WY,56009,040,Converse County
WY,56011,050,Crook County
WY,56013,060,Fremont County
WY,56015,070,Goshen County
WY,56017,080,Hot Springs County
WY,56019,090,Johnson County
WY,56021,100,Laramie County
WY,56023,110,Lincoln County
WY,56025,120,Natrona County
WY,56027,,Niobrara County
WY,56029,140,Park County
WY,56031,150,Platte County
WY,56033,160,Sheridan County
WY,56035,170,Sublette County
WY,56037,180,Sweetwater County
WY,56039,190,Teton County
WY,56041,200,Uinta County
WY,56043,210,Washakie County
WY,56045,220,Weston County
